
--CUSTOMER

INSERT INTO F23_S003_T5_CUSTOMER (CustomerID, Fname, Lname, Gender, Occupation, Start_Date, DOB) 
VALUES ('C1001','John','Smith','Male','Doctor', TO_DATE('01-15-2022','MM-DD-YYYY'),TO_DATE('06-12-1980','MM-DD-YYYY'));
INSERT INTO F23_S003_T5_CUSTOMER (CustomerID, Fname, Lname, Gender, Occupation, Start_Date, DOB) 
VALUES ('C1002','Sarah','Johnson','Female','Engineer', TO_DATE('02-10-2022','MM-DD-YYYY'),TO_DATE('09-28-1995','MM-DD-YYYY'));
INSERT INTO F23_S003_T5_CUSTOMER (CustomerID, Fname, Lname, Gender, Occupation, Start_Date, DOB) 
VALUES ('C1003','Emily','Brown','Female','Doctor', TO_DATE('03-22-2022','MM-DD-YYYY'),TO_DATE('11-03-1988','MM-DD-YYYY'));
INSERT INTO F23_S003_T5_CUSTOMER (CustomerID, Fname, Lname, Gender, Occupation, Start_Date, DOB) 
VALUES ('C1004','Javier','Garcia','Male','Accountant', TO_DATE('04-18-2022','MM-DD-YYYY'),TO_DATE('07-19-1972','MM-DD-YYYY'));
INSERT INTO F23_S003_T5_CUSTOMER (CustomerID, Fname, Lname, Gender, Occupation, Start_Date, DOB) 
VALUES ('C1005','Michelle','Davis','Female','Chef', TO_DATE('05-03-2022','MM-DD-YYYY'),TO_DATE('12-05-1991','MM-DD-YYYY'));
INSERT INTO F23_S003_T5_CUSTOMER (CustomerID, Fname, Lname, Gender, Occupation, Start_Date, DOB) 
VALUES ('C1006','Michael','Martinez','Male','Lawyer', TO_DATE('06-12-2022','MM-DD-YYYY'),TO_DATE('06-07-1985','MM-DD-YYYY'));
INSERT INTO F23_S003_T5_CUSTOMER (CustomerID, Fname, Lname, Gender, Occupation, Start_Date, DOB) 
VALUES ('C1007','Laura','Miller','Female','Nurse', TO_DATE('07-05-2022','MM-DD-YYYY'),TO_DATE('08-14-1979','MM-DD-YYYY'));
INSERT INTO F23_S003_T5_CUSTOMER (CustomerID, Fname, Lname, Gender, Occupation, Start_Date, DOB) 
VALUES ('C1008','David','Wilson','Male','Software Engineer', TO_DATE('08-19-2022','MM-DD-YYYY'),TO_DATE('09-04-1993','MM-DD-YYYY'));
INSERT INTO F23_S003_T5_CUSTOMER (CustomerID, Fname, Lname, Gender, Occupation, Start_Date, DOB) 
VALUES ('C1009','Sofia','Anderson','Female','Artist', TO_DATE('09-14-2022','MM-DD-YYYY'),TO_DATE('07-26-1976','MM-DD-YYYY'));
INSERT INTO F23_S003_T5_CUSTOMER (CustomerID, Fname, Lname, Gender, Occupation, Start_Date, DOB) 
VALUES ('C1010','Ryan','White','Male','Police', TO_DATE('10-08-2022','MM-DD-YYYY'),TO_DATE('05-18-1984','MM-DD-YYYY'));
INSERT INTO F23_S003_T5_CUSTOMER (CustomerID, Fname, Lname, Gender, Occupation, Start_Date, DOB) 
VALUES ('C1011','Jessica','Thompson','Female','Electrician', TO_DATE('11-30-2022','MM-DD-YYYY'),TO_DATE('02-09-1977','MM-DD-YYYY'));
INSERT INTO F23_S003_T5_CUSTOMER (CustomerID, Fname, Lname, Gender, Occupation, Start_Date, DOB) 
VALUES ('C1012','Diego','Lopez','Male','Architect', TO_DATE('01-20-2023','MM-DD-YYYY'),TO_DATE('11-30-1994','MM-DD-YYYY'));
INSERT INTO F23_S003_T5_CUSTOMER (CustomerID, Fname, Lname, Gender, Occupation, Start_Date, DOB) 
VALUES ('C1013','Ashley','Harris','Female','Dentist', TO_DATE('02-12-2023','MM-DD-YYYY'),TO_DATE('10-23-1986','MM-DD-YYYY'));
INSERT INTO F23_S003_T5_CUSTOMER (CustomerID, Fname, Lname, Gender, Occupation, Start_Date, DOB) 
VALUES ('C1014','Maria','Clark','Female','Pharmacist', TO_DATE('03-01-2023','MM-DD-YYYY'),TO_DATE('08-18-1978','MM-DD-YYYY'));
INSERT INTO F23_S003_T5_CUSTOMER (CustomerID, Fname, Lname, Gender, Occupation, Start_Date, DOB) 
VALUES ('C1015','Daniel','Lewis','Male','Professor', TO_DATE('04-25-2023','MM-DD-YYYY'),TO_DATE('08-08-1981','MM-DD-YYYY'));
INSERT INTO F23_S003_T5_CUSTOMER (CustomerID, Fname, Lname, Gender, Occupation, Start_Date, DOB) 
VALUES ('C1016','Olivia','Scott','Female','Firefighter', TO_DATE('05-16-2023','MM-DD-YYYY'),TO_DATE('02-01-1997','MM-DD-YYYY'));
INSERT INTO F23_S003_T5_CUSTOMER (CustomerID, Fname, Lname, Gender, Occupation, Start_Date, DOB) 
VALUES ('C1017','Juan','Turner','Male',' Real Estate', TO_DATE('06-28-2023','MM-DD-YYYY'),TO_DATE('11-13-1975','MM-DD-YYYY'));
INSERT INTO F23_S003_T5_CUSTOMER (CustomerID, Fname, Lname, Gender, Occupation, Start_Date, DOB) 
VALUES ('C1018','Rachel','Hill','Female','Veterinarian', TO_DATE('07-22-2023','MM-DD-YYYY'),TO_DATE('04-14-1989','MM-DD-YYYY'));
INSERT INTO F23_S003_T5_CUSTOMER (CustomerID, Fname, Lname, Gender, Occupation, Start_Date, DOB) 
VALUES ('C1019','Eric','Garcia','Male','Pilot', TO_DATE('08-07-2023','MM-DD-YYYY'),TO_DATE('03-26-1987','MM-DD-YYYY'));
INSERT INTO F23_S003_T5_CUSTOMER (CustomerID, Fname, Lname, Gender, Occupation, Start_Date, DOB) 
VALUES ('C1020','Megan','Wood','Female','Farmer', TO_DATE('09-09-2023','MM-DD-YYYY'),TO_DATE('05-24-1981','MM-DD-YYYY'));
INSERT INTO F23_S003_T5_CUSTOMER (CustomerID, Fname, Lname, Gender, Occupation, Start_Date, DOB) 
VALUES ('C1021','Christopher','Patel','Male','Psychologist', TO_DATE('10-14-2023','MM-DD-YYYY'),TO_DATE('10-10-1974','MM-DD-YYYY'));
INSERT INTO F23_S003_T5_CUSTOMER (CustomerID, Fname, Lname, Gender, Occupation, Start_Date, DOB) 
VALUES ('C1022','Karen','Smith','Female','Chef', TO_DATE('11-19-2023','MM-DD-YYYY'),TO_DATE('06-06-1992','MM-DD-YYYY'));
INSERT INTO F23_S003_T5_CUSTOMER (CustomerID, Fname, Lname, Gender, Occupation, Start_Date, DOB) 
VALUES ('C1023','Nicholas','Taylor','Male','Engineer', TO_DATE('12-25-2023','MM-DD-YYYY'),TO_DATE('01-17-1982','MM-DD-YYYY'));
INSERT INTO F23_S003_T5_CUSTOMER (CustomerID, Fname, Lname, Gender, Occupation, Start_Date, DOB) 
VALUES ('C1024','Lisa','Adams','Female','Architect', TO_DATE('01-30-2024','MM-DD-YYYY'),TO_DATE('02-05-1986','MM-DD-YYYY'));
INSERT INTO F23_S003_T5_CUSTOMER (CustomerID, Fname, Lname, Gender, Occupation, Start_Date, DOB) 
VALUES ('C1025','Kevin','Anderson','Male','Teacher', TO_DATE('02-28-2024','MM-DD-YYYY'),TO_DATE('09-22-1987','MM-DD-YYYY'));
INSERT INTO F23_S003_T5_CUSTOMER (CustomerID, Fname, Lname, Gender, Occupation, Start_Date, DOB) 
VALUES ('C1026','Amanda','Walker','Female','Lawyer', TO_DATE('03-12-2024','MM-DD-YYYY'),TO_DATE('10-26-1980','MM-DD-YYYY'));
INSERT INTO F23_S003_T5_CUSTOMER (CustomerID, Fname, Lname, Gender, Occupation, Start_Date, DOB) 
VALUES ('C1027','Jose','Martin','Male','Doctor', TO_DATE('04-02-2024','MM-DD-YYYY'),TO_DATE('09-18-1982','MM-DD-YYYY'));
INSERT INTO F23_S003_T5_CUSTOMER (CustomerID, Fname, Lname, Gender, Occupation, Start_Date, DOB) 
VALUES ('C1028','Stephanie','King','Female','Software Engineer', TO_DATE('05-08-2024','MM-DD-YYYY'),TO_DATE('05-15-1973','MM-DD-YYYY'));
INSERT INTO F23_S003_T5_CUSTOMER (CustomerID, Fname, Lname, Gender, Occupation, Start_Date, DOB) 
VALUES ('C1029','William','Wright','Male','Police Officer', TO_DATE('06-19-2024','MM-DD-YYYY'),TO_DATE('02-28-1990','MM-DD-YYYY'));
INSERT INTO F23_S003_T5_CUSTOMER (CustomerID, Fname, Lname, Gender, Occupation, Start_Date, DOB) 
VALUES ('C1030','Elizabeth','Lee','Female','Nurse', TO_DATE('07-13-2024','MM-DD-YYYY'),TO_DATE('06-22-1988','MM-DD-YYYY'));
INSERT INTO F23_S003_T5_CUSTOMER (CustomerID, Fname, Lname, Gender, Occupation, Start_Date, DOB) 
VALUES ('C1031','Robert','Hernandez','Male','Artist', TO_DATE('08-24-2024','MM-DD-YYYY'),TO_DATE('11-04-1992','MM-DD-YYYY'));
INSERT INTO F23_S003_T5_CUSTOMER (CustomerID, Fname, Lname, Gender, Occupation, Start_Date, DOB) 
VALUES ('C1032','Laura','White','Female','Accountant', TO_DATE('09-15-2024','MM-DD-YYYY'),TO_DATE('10-24-1989','MM-DD-YYYY'));
INSERT INTO F23_S003_T5_CUSTOMER (CustomerID, Fname, Lname, Gender, Occupation, Start_Date, DOB) 
VALUES ('C1033','Jonathan','Turner','Male','Pharmacist', TO_DATE('10-28-2024','MM-DD-YYYY'),TO_DATE('07-01-1983','MM-DD-YYYY'));
INSERT INTO F23_S003_T5_CUSTOMER (CustomerID, Fname, Lname, Gender, Occupation, Start_Date, DOB) 
VALUES ('C1034','Kimberly','Mitchell','Female','Electrician', TO_DATE('11-22-2024','MM-DD-YYYY'),TO_DATE('05-30-1971','MM-DD-YYYY'));
INSERT INTO F23_S003_T5_CUSTOMER (CustomerID, Fname, Lname, Gender, Occupation, Start_Date, DOB) 
VALUES ('C1035','Matthew','Lewis','Male','Professor', TO_DATE('12-17-2024','MM-DD-YYYY'),TO_DATE('10-25-1977','MM-DD-YYYY'));
INSERT INTO F23_S003_T5_CUSTOMER (CustomerID, Fname, Lname, Gender, Occupation, Start_Date, DOB) 
VALUES ('C1036','Michelle','Hall','Female','Firefighter', TO_DATE('01-12-2025','MM-DD-YYYY'),TO_DATE('05-03-1988','MM-DD-YYYY'));
INSERT INTO F23_S003_T5_CUSTOMER (CustomerID, Fname, Lname, Gender, Occupation, Start_Date, DOB) 
VALUES ('C1037','Brian','Walker','Male',' Real Estate', TO_DATE('02-27-2025','MM-DD-YYYY'),TO_DATE('06-08-1975','MM-DD-YYYY'));
INSERT INTO F23_S003_T5_CUSTOMER (CustomerID, Fname, Lname, Gender, Occupation, Start_Date, DOB) 
VALUES ('C1038','Sarah','Rodriguez','Female','Veterinarian', TO_DATE('03-23-2025','MM-DD-YYYY'),TO_DATE('01-19-1995','MM-DD-YYYY'));
INSERT INTO F23_S003_T5_CUSTOMER (CustomerID, Fname, Lname, Gender, Occupation, Start_Date, DOB) 
VALUES ('C1039','Brandon','Morris','Male','Pilot', TO_DATE('04-18-2025','MM-DD-YYYY'),TO_DATE('06-29-1986','MM-DD-YYYY'));
INSERT INTO F23_S003_T5_CUSTOMER (CustomerID, Fname, Lname, Gender, Occupation, Start_Date, DOB) 
VALUES ('C1040','Jennifer','Adams','Female','Dentist', TO_DATE('05-31-2025','MM-DD-YYYY'),TO_DATE('09-07-1977','MM-DD-YYYY'));
INSERT INTO F23_S003_T5_CUSTOMER (CustomerID, Fname, Lname, Gender, Occupation, Start_Date, DOB) 
VALUES ('C1041','Daniel','Scott','Male','Psychologist', TO_DATE('06-26-2025','MM-DD-YYYY'),TO_DATE('07-07-1984','MM-DD-YYYY'));
INSERT INTO F23_S003_T5_CUSTOMER (CustomerID, Fname, Lname, Gender, Occupation, Start_Date, DOB) 
VALUES ('C1042','Emily','Hill','Female','Farmer', TO_DATE('07-17-2025','MM-DD-YYYY'),TO_DATE('03-27-1981','MM-DD-YYYY'));
INSERT INTO F23_S003_T5_CUSTOMER (CustomerID, Fname, Lname, Gender, Occupation, Start_Date, DOB) 
VALUES ('C1043','Jason','Jackson','Male','Engineer', TO_DATE('08-11-2025','MM-DD-YYYY'),TO_DATE('01-14-1980','MM-DD-YYYY'));
INSERT INTO F23_S003_T5_CUSTOMER (CustomerID, Fname, Lname, Gender, Occupation, Start_Date, DOB) 
VALUES ('C1044','Olivia','Harris','Female','Lawyer', TO_DATE('09-24-2025','MM-DD-YYYY'),TO_DATE('04-23-1972','MM-DD-YYYY'));
INSERT INTO F23_S003_T5_CUSTOMER (CustomerID, Fname, Lname, Gender, Occupation, Start_Date, DOB) 
VALUES ('C1045','Christopher','Smith','Male','Teacher', TO_DATE('10-19-2025','MM-DD-YYYY'),TO_DATE('12-03-1979','MM-DD-YYYY'));
INSERT INTO F23_S003_T5_CUSTOMER (CustomerID, Fname, Lname, Gender, Occupation, Start_Date, DOB) 
VALUES ('C1046','Angela','Turner','Female','Doctor', TO_DATE('02-12-2023','MM-DD-YYYY'),TO_DATE('10-23-1986','MM-DD-YYYY'));
INSERT INTO F23_S003_T5_CUSTOMER (CustomerID, Fname, Lname, Gender, Occupation, Start_Date, DOB) 
VALUES ('C1047','Andrew','Johnson','Male','Nurse', TO_DATE('05-16-2023','MM-DD-YYYY'),TO_DATE('02-01-1997','MM-DD-YYYY'));
INSERT INTO F23_S003_T5_CUSTOMER (CustomerID, Fname, Lname, Gender, Occupation, Start_Date, DOB) 
VALUES ('C1048','Robin','Thomas','Male','Artist', TO_DATE('04-05-2023','MM-DD-YYYY'),TO_DATE('01-02-1990','MM-DD-YYYY'));
INSERT INTO F23_S003_T5_CUSTOMER (CustomerID, Fname, Lname, Gender, Occupation, Start_Date, DOB) 
VALUES ('C1049','Elira','Roy','Female','Doctor', TO_DATE('01-12-2025','MM-DD-YYYY'),TO_DATE('05-03-1988','MM-DD-YYYY'));
INSERT INTO F23_S003_T5_CUSTOMER (CustomerID, Fname, Lname, Gender, Occupation, Start_Date, DOB) 
VALUES ('C1050','Nazriya','Thomas','Female','Artist', TO_DATE('09-09-2023','MM-DD-YYYY'),TO_DATE('05-24-1981','MM-DD-YYYY'));
INSERT INTO F23_S003_T5_CUSTOMER (CustomerID, Fname, Lname, Gender, Occupation, Start_Date, DOB) 
VALUES ('C1051','James','Lee','Male','Accountant', TO_DATE('11-14-2021','MM-DD-YYYY'),TO_DATE('04-24-1976','MM-DD-YYYY'));
INSERT INTO F23_S003_T5_CUSTOMER (CustomerID, Fname, Lname, Gender, Occupation, Start_Date, DOB) 
VALUES ('C1052','Charlotte','Perez','Female','Graphic Designer', TO_DATE('09-30-2022','MM-DD-YYYY'),TO_DATE('01-15-1993','MM-DD-YYYY'));
INSERT INTO F23_S003_T5_CUSTOMER (CustomerID, Fname, Lname, Gender, Occupation, Start_Date, DOB) 
VALUES ('C1053','Benjamin','Taylor','Male','Chef', TO_DATE('02-08-2023','MM-DD-YYYY'),TO_DATE('12-07-1983','MM-DD-YYYY'));
INSERT INTO F23_S003_T5_CUSTOMER (CustomerID, Fname, Lname, Gender, Occupation, Start_Date, DOB) 
VALUES ('C1054','Mia','Hall','Female','Artist', TO_DATE('04-17-2022','MM-DD-YYYY'),TO_DATE('08-09-1991','MM-DD-YYYY'));
INSERT INTO F23_S003_T5_CUSTOMER (CustomerID, Fname, Lname, Gender, Occupation, Start_Date, DOB) 
VALUES ('C1055','Daniel','King','Male','Marketing Manager', TO_DATE('06-25-2021','MM-DD-YYYY'),TO_DATE('10-02-1974','MM-DD-YYYY'));
INSERT INTO F23_S003_T5_CUSTOMER (CustomerID, Fname, Lname, Gender, Occupation, Start_Date, DOB) 
VALUES ('C1056','Ava','Wright','Female','Psychologist', TO_DATE('03-03-2023','MM-DD-YYYY'),TO_DATE('04-07-1997','MM-DD-YYYY'));
INSERT INTO F23_S003_T5_CUSTOMER (CustomerID, Fname, Lname, Gender, Occupation, Start_Date, DOB) 
VALUES ('C1057','Alexander','Baker','Male','Engineer', TO_DATE('08-05-2022','MM-DD-YYYY'),TO_DATE('11-21-1989','MM-DD-YYYY'));
INSERT INTO F23_S003_T5_CUSTOMER (CustomerID, Fname, Lname, Gender, Occupation, Start_Date, DOB) 
VALUES ('C1058','Harper','Green','Female','Pharmacist', TO_DATE('04-12-2021','MM-DD-YYYY'),TO_DATE('07-23-1998','MM-DD-YYYY'));
INSERT INTO F23_S003_T5_CUSTOMER (CustomerID, Fname, Lname, Gender, Occupation, Start_Date, DOB) 
VALUES ('C1059','David','Hall','Male','Architect', TO_DATE('01-08-2022','MM-DD-YYYY'),TO_DATE('12-31-1977','MM-DD-YYYY'));
INSERT INTO F23_S003_T5_CUSTOMER (CustomerID, Fname, Lname, Gender, Occupation, Start_Date, DOB) 
VALUES ('C1060','Scarlett','Lewis','Female','Journalist', TO_DATE('05-26-2023','MM-DD-YYYY'),TO_DATE('03-14-1996','MM-DD-YYYY'));
INSERT INTO F23_S003_T5_CUSTOMER (CustomerID, Fname, Lname, Gender, Occupation, Start_Date, DOB) 
VALUES ('C1061','Ella','Ross','Female','Architect', TO_DATE('04-30-2023','MM-DD-YYYY'),TO_DATE('02-09-1984','MM-DD-YYYY'));
INSERT INTO F23_S003_T5_CUSTOMER (CustomerID, Fname, Lname, Gender, Occupation, Start_Date, DOB) 
VALUES ('C1062','Oliver','Cruz','Male','Engineer', TO_DATE('06-11-2021','MM-DD-YYYY'),TO_DATE('11-04-1976','MM-DD-YYYY'));
INSERT INTO F23_S003_T5_CUSTOMER (CustomerID, Fname, Lname, Gender, Occupation, Start_Date, DOB) 
VALUES ('C1063','Grace','Perry','Female','Doctor', TO_DATE('09-28-2022','MM-DD-YYYY'),TO_DATE('08-15-1989','MM-DD-YYYY'));
INSERT INTO F23_S003_T5_CUSTOMER (CustomerID, Fname, Lname, Gender, Occupation, Start_Date, DOB) 
VALUES ('C1064','Aiden','Ramirez','Male','Teacher', TO_DATE('03-15-2023','MM-DD-YYYY'),TO_DATE('10-22-1980','MM-DD-YYYY'));
INSERT INTO F23_S003_T5_CUSTOMER (CustomerID, Fname, Lname, Gender, Occupation, Start_Date, DOB) 
VALUES ('C1065','Chloe','Richardson','Female','Nurse', TO_DATE('12-20-2022','MM-DD-YYYY'),TO_DATE('07-30-1986','MM-DD-YYYY'));
INSERT INTO F23_S003_T5_CUSTOMER (CustomerID, Fname, Lname, Gender, Occupation, Start_Date, DOB) 
VALUES ('C1066','Liam','Flores','Male','Electrician', TO_DATE('08-08-2021','MM-DD-YYYY'),TO_DATE('12-19-1975','MM-DD-YYYY'));
INSERT INTO F23_S003_T5_CUSTOMER (CustomerID, Fname, Lname, Gender, Occupation, Start_Date, DOB) 
VALUES ('C1067','Avery','Woodward','Female','Pharmacist', TO_DATE('02-04-2022','MM-DD-YYYY'),TO_DATE('09-27-1987','MM-DD-YYYY'));
INSERT INTO F23_S003_T5_CUSTOMER (CustomerID, Fname, Lname, Gender, Occupation, Start_Date, DOB) 
VALUES ('C1068','Emma','Richards','Female','Psychologist', TO_DATE('04-14-2021','MM-DD-YYYY'),TO_DATE('05-25-1984','MM-DD-YYYY'));
INSERT INTO F23_S003_T5_CUSTOMER (CustomerID, Fname, Lname, Gender, Occupation, Start_Date, DOB) 
VALUES ('C1069','Sebastian','Hernandez','Male','Artist', TO_DATE('07-29-2022','MM-DD-YYYY'),TO_DATE('03-08-1973','MM-DD-YYYY'));
INSERT INTO F23_S003_T5_CUSTOMER (CustomerID, Fname, Lname, Gender, Occupation, Start_Date, DOB) 
VALUES ('C1070','Isabella','Kelly','Female','Marketing Manager', TO_DATE('06-18-2023','MM-DD-YYYY'),TO_DATE('01-07-1990','MM-DD-YYYY'));
INSERT INTO F23_S003_T5_CUSTOMER (CustomerID, Fname, Lname, Gender, Occupation, Start_Date, DOB) 
VALUES ('C1071','Lucas','Stewart','Male','Graphic Designer', TO_DATE('10-02-2021','MM-DD-YYYY'),TO_DATE('09-28-1977','MM-DD-YYYY'));
INSERT INTO F23_S003_T5_CUSTOMER (CustomerID, Fname, Lname, Gender, Occupation, Start_Date, DOB) 
VALUES ('C1072','Charlotte','Gonzalez','Female','Software Developer', TO_DATE('03-12-2022','MM-DD-YYYY'),TO_DATE('08-01-1986','MM-DD-YYYY'));
INSERT INTO F23_S003_T5_CUSTOMER (CustomerID, Fname, Lname, Gender, Occupation, Start_Date, DOB) 
VALUES ('C1073','Mason','Murphy','Male','Police Officer', TO_DATE('08-22-2023','MM-DD-YYYY'),TO_DATE('04-12-1978','MM-DD-YYYY'));
INSERT INTO F23_S003_T5_CUSTOMER (CustomerID, Fname, Lname, Gender, Occupation, Start_Date, DOB) 
VALUES ('C1074','Amelia','Lewis','Female','Journalist', TO_DATE('01-17-2022','MM-DD-YYYY'),TO_DATE('12-03-1983','MM-DD-YYYY'));
INSERT INTO F23_S003_T5_CUSTOMER (CustomerID, Fname, Lname, Gender, Occupation, Start_Date, DOB) 
VALUES ('C1075','Henry','Ross','Male','Interior Designer', TO_DATE('12-23-2021','MM-DD-YYYY'),TO_DATE('02-14-1974','MM-DD-YYYY'));
INSERT INTO F23_S003_T5_CUSTOMER (CustomerID, Fname, Lname, Gender, Occupation, Start_Date, DOB) 
VALUES ('C1076','Ella','Cooper','Female','Entrepreneur', TO_DATE('07-31-2023','MM-DD-YYYY'),TO_DATE('06-17-1981','MM-DD-YYYY'));
INSERT INTO F23_S003_T5_CUSTOMER (CustomerID, Fname, Lname, Gender, Occupation, Start_Date, DOB) 
VALUES ('C1077','Liam','Walker','Male','Architect', TO_DATE('04-16-2022','MM-DD-YYYY'),TO_DATE('11-28-1976','MM-DD-YYYY'));
INSERT INTO F23_S003_T5_CUSTOMER (CustomerID, Fname, Lname, Gender, Occupation, Start_Date, DOB) 
VALUES ('C1078','Sofia','Hayes','Female','Scientist', TO_DATE('05-29-2021','MM-DD-YYYY'),TO_DATE('10-01-1980','MM-DD-YYYY'));
INSERT INTO F23_S003_T5_CUSTOMER (CustomerID, Fname, Lname, Gender, Occupation, Start_Date, DOB) 
VALUES ('C1079','Aiden','Price','Male','Teacher', TO_DATE('11-07-2022','MM-DD-YYYY'),TO_DATE('03-24-1974','MM-DD-YYYY'));
INSERT INTO F23_S003_T5_CUSTOMER (CustomerID, Fname, Lname, Gender, Occupation, Start_Date, DOB) 
VALUES ('C1080','Matthew','Young','Male','Electrician', TO_DATE('09-19-2021','MM-DD-YYYY'),TO_DATE('02-03-1987','MM-DD-YYYY'));
INSERT INTO F23_S003_T5_CUSTOMER (CustomerID, Fname, Lname, Gender, Occupation, Start_Date, DOB) 
VALUES ('C1081','Amelia','Turner','Female','Social Worker', TO_DATE('11-30-2022','MM-DD-YYYY'),TO_DATE('10-28-1992','MM-DD-YYYY'));
INSERT INTO F23_S003_T5_CUSTOMER (CustomerID, Fname, Lname, Gender, Occupation, Start_Date, DOB) 
VALUES ('C1082','Joseph','Scott','Male','Police Officer', TO_DATE('03-10-2023','MM-DD-YYYY'),TO_DATE('05-16-1979','MM-DD-YYYY'));
INSERT INTO F23_S003_T5_CUSTOMER (CustomerID, Fname, Lname, Gender, Occupation, Start_Date, DOB) 
VALUES ('C1083','Abigail','Clark','Female','Veterinarian', TO_DATE('04-03-2022','MM-DD-YYYY'),TO_DATE('02-10-1999','MM-DD-YYYY'));
INSERT INTO F23_S003_T5_CUSTOMER (CustomerID, Fname, Lname, Gender, Occupation, Start_Date, DOB) 
VALUES ('C1084','Samuel','Walker','Male','Pilot', TO_DATE('10-21-2021','MM-DD-YYYY'),TO_DATE('08-20-1981','MM-DD-YYYY'));
INSERT INTO F23_S003_T5_CUSTOMER (CustomerID, Fname, Lname, Gender, Occupation, Start_Date, DOB) 
VALUES ('C1085','Grace','Adams','Female','Interior Designer', TO_DATE('04-19-2022','MM-DD-YYYY'),TO_DATE('08-06-1999','MM-DD-YYYY'));
INSERT INTO F23_S003_T5_CUSTOMER (CustomerID, Fname, Lname, Gender, Occupation, Start_Date, DOB) 
VALUES ('C1086','Noah','Hill','Male','Professor', TO_DATE('01-15-2023','MM-DD-YYYY'),TO_DATE('06-25-1993','MM-DD-YYYY'));
INSERT INTO F23_S003_T5_CUSTOMER (CustomerID, Fname, Lname, Gender, Occupation, Start_Date, DOB) 
VALUES ('C1087','Lily','Baker','Female','Interior Designer', TO_DATE('07-08-2021','MM-DD-YYYY'),TO_DATE('12-15-1996','MM-DD-YYYY'));
INSERT INTO F23_S003_T5_CUSTOMER (CustomerID, Fname, Lname, Gender, Occupation, Start_Date, DOB) 
VALUES ('C1088','Ethan','Lopez','Male','Entrepreneur', TO_DATE('02-19-2022','MM-DD-YYYY'),TO_DATE('03-27-1971','MM-DD-YYYY'));
INSERT INTO F23_S003_T5_CUSTOMER (CustomerID, Fname, Lname, Gender, Occupation, Start_Date, DOB) 
VALUES ('C1089','Chloe','Evans','Female','Web Developer', TO_DATE('08-14-2023','MM-DD-YYYY'),TO_DATE('05-02-1984','MM-DD-YYYY'));
INSERT INTO F23_S003_T5_CUSTOMER (CustomerID, Fname, Lname, Gender, Occupation, Start_Date, DOB) 
VALUES ('C1090','Christopher','Harris','Male','Chef', TO_DATE('12-07-2021','MM-DD-YYYY'),TO_DATE('10-19-1990','MM-DD-YYYY'));
INSERT INTO F23_S003_T5_CUSTOMER (CustomerID, Fname, Lname, Gender, Occupation, Start_Date, DOB) 
VALUES ('C1091','Zoey','Nelson','Female','Dentist', TO_DATE('05-29-2022','MM-DD-YYYY'),TO_DATE('07-06-1982','MM-DD-YYYY'));
INSERT INTO F23_S003_T5_CUSTOMER (CustomerID, Fname, Lname, Gender, Occupation, Start_Date, DOB) 
VALUES ('C1092','Andrew','Turner','Male','Architect', TO_DATE('02-18-2023','MM-DD-YYYY'),TO_DATE('04-23-1972','MM-DD-YYYY'));
INSERT INTO F23_S003_T5_CUSTOMER (CustomerID, Fname, Lname, Gender, Occupation, Start_Date, DOB) 
VALUES ('C1093','Natalie','Mitchell','Female','Marketing Manager', TO_DATE('03-01-2021','MM-DD-YYYY'),TO_DATE('08-11-1999','MM-DD-YYYY'));
INSERT INTO F23_S003_T5_CUSTOMER (CustomerID, Fname, Lname, Gender, Occupation, Start_Date, DOB) 
VALUES ('C1094','Joshua','Powell','Male','Nurse', TO_DATE('09-05-2022','MM-DD-YYYY'),TO_DATE('07-16-1973','MM-DD-YYYY'));
INSERT INTO F23_S003_T5_CUSTOMER (CustomerID, Fname, Lname, Gender, Occupation, Start_Date, DOB) 
VALUES ('C1095','Elizabeth','Murphy','Female','Scientist', TO_DATE('05-18-2023','MM-DD-YYYY'),TO_DATE('01-29-1981','MM-DD-YYYY'));
INSERT INTO F23_S003_T5_CUSTOMER (CustomerID, Fname, Lname, Gender, Occupation, Start_Date, DOB) 
VALUES ('C1096','Christopher','Brooks','Male','Artist', TO_DATE('06-30-2021','MM-DD-YYYY'),TO_DATE('09-02-1976','MM-DD-YYYY'));
INSERT INTO F23_S003_T5_CUSTOMER (CustomerID, Fname, Lname, Gender, Occupation, Start_Date, DOB) 
VALUES ('C1097','Addison','Turner','Female','Journalist', TO_DATE('08-22-2022','MM-DD-YYYY'),TO_DATE('12-27-1989','MM-DD-YYYY'));
INSERT INTO F23_S003_T5_CUSTOMER (CustomerID, Fname, Lname, Gender, Occupation, Start_Date, DOB) 
VALUES ('C1098','William','Rogers','Male','Electrician', TO_DATE('09-09-2021','MM-DD-YYYY'),TO_DATE('03-11-1982','MM-DD-YYYY'));
INSERT INTO F23_S003_T5_CUSTOMER (CustomerID, Fname, Lname, Gender, Occupation, Start_Date, DOB) 
VALUES ('C1099','Lily','Wood','Female','Psychologist', TO_DATE('12-12-2022','MM-DD-YYYY'),TO_DATE('06-08-1995','MM-DD-YYYY'));
INSERT INTO F23_S003_T5_CUSTOMER (CustomerID, Fname, Lname, Gender, Occupation, Start_Date, DOB) 
VALUES ('C1100','Samuel','Foster','Male','Accountant', TO_DATE('04-24-2023','MM-DD-YYYY'),TO_DATE('02-14-1975','MM-DD-YYYY'));
INSERT INTO F23_S003_T5_CUSTOMER (CustomerID, Fname, Lname, Gender, Occupation, Start_Date, DOB) 
VALUES ('C1101','Aria','Long','Female','Pharmacist', TO_DATE('03-07-2022','MM-DD-YYYY'),TO_DATE('11-26-1987','MM-DD-YYYY'));
INSERT INTO F23_S003_T5_CUSTOMER (CustomerID, Fname, Lname, Gender, Occupation, Start_Date, DOB) 
VALUES ('C1102','Daniel','Diaz','Male','Software Developer', TO_DATE('07-16-2021','MM-DD-YYYY'),TO_DATE('04-10-1980','MM-DD-YYYY'));
INSERT INTO F23_S003_T5_CUSTOMER (CustomerID, Fname, Lname, Gender, Occupation, Start_Date, DOB) 
VALUES ('C1103','Ava','Martinez','Female','Doctor', TO_DATE('02-01-2022','MM-DD-YYYY'),TO_DATE('09-09-1989','MM-DD-YYYY'));
INSERT INTO F23_S003_T5_CUSTOMER (CustomerID, Fname, Lname, Gender, Occupation, Start_Date, DOB) 
VALUES ('C1104','Jackson','Price','Male','Teacher', TO_DATE('03-22-2023','MM-DD-YYYY'),TO_DATE('10-18-1977','MM-DD-YYYY'));
INSERT INTO F23_S003_T5_CUSTOMER (CustomerID, Fname, Lname, Gender, Occupation, Start_Date, DOB) 
VALUES ('C1105','Emma','Foster','Female','Graphic Designer', TO_DATE('05-14-2021','MM-DD-YYYY'),TO_DATE('08-06-1990','MM-DD-YYYY'));

--CUSTOMER_ADDRESS

INSERT INTO F23_S003_T5_CUSTOMER_ADDRESS (CUSTOMERID, Country, ZIPCode, City) VALUES ('C1001','USA','12345','Seattle');
INSERT INTO F23_S003_T5_CUSTOMER_ADDRESS (CUSTOMERID, Country, ZIPCode, City) VALUES ('C1002','USA','23456','Baltimore');
INSERT INTO F23_S003_T5_CUSTOMER_ADDRESS (CUSTOMERID, Country, ZIPCode, City) VALUES ('C1003','USA','34567','New York');
INSERT INTO F23_S003_T5_CUSTOMER_ADDRESS (CUSTOMERID, Country, ZIPCode, City) VALUES ('C1004','Canada','45678','Los Angeles');
INSERT INTO F23_S003_T5_CUSTOMER_ADDRESS (CUSTOMERID, Country, ZIPCode, City) VALUES ('C1005','Mexico','56789','Chicago');
INSERT INTO F23_S003_T5_CUSTOMER_ADDRESS (CUSTOMERID, Country, ZIPCode, City) VALUES ('C1006','USA','67890','Toronto');
INSERT INTO F23_S003_T5_CUSTOMER_ADDRESS (CUSTOMERID, Country, ZIPCode, City) VALUES ('C1007','USA','78901','Mexico');
INSERT INTO F23_S003_T5_CUSTOMER_ADDRESS (CUSTOMERID, Country, ZIPCode, City) VALUES ('C1008','Canada','89012','San');
INSERT INTO F23_S003_T5_CUSTOMER_ADDRESS (CUSTOMERID, Country, ZIPCode, City) VALUES ('C1009','Mexico','90123','Houston');
INSERT INTO F23_S003_T5_CUSTOMER_ADDRESS (CUSTOMERID, Country, ZIPCode, City) VALUES ('C1010','USA','10234','Vancouver');
INSERT INTO F23_S003_T5_CUSTOMER_ADDRESS (CUSTOMERID, Country, ZIPCode, City) VALUES ('C1011','USA','21345','Guadalajara');
INSERT INTO F23_S003_T5_CUSTOMER_ADDRESS (CUSTOMERID, Country, ZIPCode, City) VALUES ('C1012','Canada','32456','Miami');
INSERT INTO F23_S003_T5_CUSTOMER_ADDRESS (CUSTOMERID, Country, ZIPCode, City) VALUES ('C1013','Mexico','43567','Atlanta');
INSERT INTO F23_S003_T5_CUSTOMER_ADDRESS (CUSTOMERID, Country, ZIPCode, City) VALUES ('C1014','USA','54678','Montreal');
INSERT INTO F23_S003_T5_CUSTOMER_ADDRESS (CUSTOMERID, Country, ZIPCode, City) VALUES ('C1015','USA','65789','Monterrey');
INSERT INTO F23_S003_T5_CUSTOMER_ADDRESS (CUSTOMERID, Country, ZIPCode, City) VALUES ('C1016','Canada','76890','Seattle');
INSERT INTO F23_S003_T5_CUSTOMER_ADDRESS (CUSTOMERID, Country, ZIPCode, City) VALUES ('C1017','Mexico','87901','Dallas');
INSERT INTO F23_S003_T5_CUSTOMER_ADDRESS (CUSTOMERID, Country, ZIPCode, City) VALUES ('C1018','USA','98012','Calgary');
INSERT INTO F23_S003_T5_CUSTOMER_ADDRESS (CUSTOMERID, Country, ZIPCode, City) VALUES ('C1019','USA','9123','Cancun');
INSERT INTO F23_S003_T5_CUSTOMER_ADDRESS (CUSTOMERID, Country, ZIPCode, City) VALUES ('C1020','Canada','10234','Denver');
INSERT INTO F23_S003_T5_CUSTOMER_ADDRESS (CUSTOMERID, Country, ZIPCode, City) VALUES ('C1021','Mexico','21345','Boston');
INSERT INTO F23_S003_T5_CUSTOMER_ADDRESS (CUSTOMERID, Country, ZIPCode, City) VALUES ('C1022','USA','32456','Ottawa');
INSERT INTO F23_S003_T5_CUSTOMER_ADDRESS (CUSTOMERID, Country, ZIPCode, City) VALUES ('C1023','USA','43567','Tijuana');
INSERT INTO F23_S003_T5_CUSTOMER_ADDRESS (CUSTOMERID, Country, ZIPCode, City) VALUES ('C1024','Canada','54678','Philadelphia');
INSERT INTO F23_S003_T5_CUSTOMER_ADDRESS (CUSTOMERID, Country, ZIPCode, City) VALUES ('C1025','Mexico','65789','Phoenix');
INSERT INTO F23_S003_T5_CUSTOMER_ADDRESS (CUSTOMERID, Country, ZIPCode, City) VALUES ('C1026','USA','76890','Edmonton');
INSERT INTO F23_S003_T5_CUSTOMER_ADDRESS (CUSTOMERID, Country, ZIPCode, City) VALUES ('C1027','USA','87901','Puebla');
INSERT INTO F23_S003_T5_CUSTOMER_ADDRESS (CUSTOMERID, Country, ZIPCode, City) VALUES ('C1028','Canada','98012','San Diego');
INSERT INTO F23_S003_T5_CUSTOMER_ADDRESS (CUSTOMERID, Country, ZIPCode, City) VALUES ('C1029','Mexico','9123','Detroit');
INSERT INTO F23_S003_T5_CUSTOMER_ADDRESS (CUSTOMERID, Country, ZIPCode, City) VALUES ('C1030','USA','10234','Winnipeg');
INSERT INTO F23_S003_T5_CUSTOMER_ADDRESS (CUSTOMERID, Country, ZIPCode, City) VALUES ('C1031','USA','21345','Guanajuato');
INSERT INTO F23_S003_T5_CUSTOMER_ADDRESS (CUSTOMERID, Country, ZIPCode, City) VALUES ('C1032','Canada','32456','Minneapolis');
INSERT INTO F23_S003_T5_CUSTOMER_ADDRESS (CUSTOMERID, Country, ZIPCode, City) VALUES ('C1033','Mexico','43567','Baltimore');
INSERT INTO F23_S003_T5_CUSTOMER_ADDRESS (CUSTOMERID, Country, ZIPCode, City) VALUES ('C1034','USA','54678','Quebec');
INSERT INTO F23_S003_T5_CUSTOMER_ADDRESS (CUSTOMERID, Country, ZIPCode, City) VALUES ('C1035','USA','65789','Merida');
INSERT INTO F23_S003_T5_CUSTOMER_ADDRESS (CUSTOMERID, Country, ZIPCode, City) VALUES ('C1036','Canada','76890','Portland');
INSERT INTO F23_S003_T5_CUSTOMER_ADDRESS (CUSTOMERID, Country, ZIPCode, City) VALUES ('C1037','Mexico','87901','Las Vegas');
INSERT INTO F23_S003_T5_CUSTOMER_ADDRESS (CUSTOMERID, Country, ZIPCode, City) VALUES ('C1038','USA','98012','Halifax');
INSERT INTO F23_S003_T5_CUSTOMER_ADDRESS (CUSTOMERID, Country, ZIPCode, City) VALUES ('C1039','USA','9123','Acapulco');
INSERT INTO F23_S003_T5_CUSTOMER_ADDRESS (CUSTOMERID, Country, ZIPCode, City) VALUES ('C1040','Canada','10234','Nashville');
INSERT INTO F23_S003_T5_CUSTOMER_ADDRESS (CUSTOMERID, Country, ZIPCode, City) VALUES ('C1041','Mexico','21345','New Orleans');
INSERT INTO F23_S003_T5_CUSTOMER_ADDRESS (CUSTOMERID, Country, ZIPCode, City) VALUES ('C1042','USA','32456','Victoria');
INSERT INTO F23_S003_T5_CUSTOMER_ADDRESS (CUSTOMERID, Country, ZIPCode, City) VALUES ('C1043','USA','43567','Oaxaca');
INSERT INTO F23_S003_T5_CUSTOMER_ADDRESS (CUSTOMERID, Country, ZIPCode, City) VALUES ('C1044','Canada','54678','Indianapolis');
INSERT INTO F23_S003_T5_CUSTOMER_ADDRESS (CUSTOMERID, Country, ZIPCode, City) VALUES ('C1045','Mexico','65789','San Antonio');
INSERT INTO F23_S003_T5_CUSTOMER_ADDRESS (CUSTOMERID, Country, ZIPCode, City) VALUES ('C1046','USA','76890','Regina');
INSERT INTO F23_S003_T5_CUSTOMER_ADDRESS (CUSTOMERID, Country, ZIPCode, City) VALUES ('C1047','USA','87901','Veracruz');
INSERT INTO F23_S003_T5_CUSTOMER_ADDRESS (CUSTOMERID, Country, ZIPCode, City) VALUES ('C1048','USA','76010','Arlington');
INSERT INTO F23_S003_T5_CUSTOMER_ADDRESS (CUSTOMERID, Country, ZIPCode, City) VALUES ('C1049','Canada','21097','Portland');
INSERT INTO F23_S003_T5_CUSTOMER_ADDRESS (CUSTOMERID, Country, ZIPCode, City) VALUES ('C1050','USA','39037','Ottawa');
INSERT INTO F23_S003_T5_CUSTOMER_ADDRESS (CUSTOMERID, Country, ZIPCode, City) VALUES ('C1051','Mexico','6100','Mexico City');
INSERT INTO F23_S003_T5_CUSTOMER_ADDRESS (CUSTOMERID, Country, ZIPCode, City) VALUES ('C1052','Mexico','44160','Guadalajara');
INSERT INTO F23_S003_T5_CUSTOMER_ADDRESS (CUSTOMERID, Country, ZIPCode, City) VALUES ('C1053','Mexico','64000','Monterrey');
INSERT INTO F23_S003_T5_CUSTOMER_ADDRESS (CUSTOMERID, Country, ZIPCode, City) VALUES ('C1054','USA','33130','Miami');
INSERT INTO F23_S003_T5_CUSTOMER_ADDRESS (CUSTOMERID, Country, ZIPCode, City) VALUES ('C1055','Canada','K1A 0A9','Ottawa');
INSERT INTO F23_S003_T5_CUSTOMER_ADDRESS (CUSTOMERID, Country, ZIPCode, City) VALUES ('C1056','USA','94102','San Francisco');
INSERT INTO F23_S003_T5_CUSTOMER_ADDRESS (CUSTOMERID, Country, ZIPCode, City) VALUES ('C1057','USA','98101','Seattle');
INSERT INTO F23_S003_T5_CUSTOMER_ADDRESS (CUSTOMERID, Country, ZIPCode, City) VALUES ('C1058','Canada','T2P 0L9','Calgary');
INSERT INTO F23_S003_T5_CUSTOMER_ADDRESS (CUSTOMERID, Country, ZIPCode, City) VALUES ('C1059','Mexico','72000','Puebla');
INSERT INTO F23_S003_T5_CUSTOMER_ADDRESS (CUSTOMERID, Country, ZIPCode, City) VALUES ('C1060','USA','2108','Boston');
INSERT INTO F23_S003_T5_CUSTOMER_ADDRESS (CUSTOMERID, Country, ZIPCode, City) VALUES ('C1061','Canada','M5A 1H3','Toronto');
INSERT INTO F23_S003_T5_CUSTOMER_ADDRESS (CUSTOMERID, Country, ZIPCode, City) VALUES ('C1062','USA','94103','San Francisco');
INSERT INTO F23_S003_T5_CUSTOMER_ADDRESS (CUSTOMERID, Country, ZIPCode, City) VALUES ('C1063','USA','60611','Chicago');
INSERT INTO F23_S003_T5_CUSTOMER_ADDRESS (CUSTOMERID, Country, ZIPCode, City) VALUES ('C1064','Canada','V6B 1V3','Vancouver');
INSERT INTO F23_S003_T5_CUSTOMER_ADDRESS (CUSTOMERID, Country, ZIPCode, City) VALUES ('C1065','USA','90003','Los Angeles');
INSERT INTO F23_S003_T5_CUSTOMER_ADDRESS (CUSTOMERID, Country, ZIPCode, City) VALUES ('C1066','Canada','T2P 2B8','Calgary');
INSERT INTO F23_S003_T5_CUSTOMER_ADDRESS (CUSTOMERID, Country, ZIPCode, City) VALUES ('C1067','USA','10002','New York');
INSERT INTO F23_S003_T5_CUSTOMER_ADDRESS (CUSTOMERID, Country, ZIPCode, City) VALUES ('C1068','Canada','H2X 3J4','Montreal');
INSERT INTO F23_S003_T5_CUSTOMER_ADDRESS (CUSTOMERID, Country, ZIPCode, City) VALUES ('C1069','Mexico','6230','Mexico City');
INSERT INTO F23_S003_T5_CUSTOMER_ADDRESS (CUSTOMERID, Country, ZIPCode, City) VALUES ('C1070','USA','80205','Denver');
INSERT INTO F23_S003_T5_CUSTOMER_ADDRESS (CUSTOMERID, Country, ZIPCode, City) VALUES ('C1071','Canada','K1H 0G9','Ottawa');
INSERT INTO F23_S003_T5_CUSTOMER_ADDRESS (CUSTOMERID, Country, ZIPCode, City) VALUES ('C1072','USA','2202','Boston');
INSERT INTO F23_S003_T5_CUSTOMER_ADDRESS (CUSTOMERID, Country, ZIPCode, City) VALUES ('C1073','Canada','T5J 4S1','Edmonton');
INSERT INTO F23_S003_T5_CUSTOMER_ADDRESS (CUSTOMERID, Country, ZIPCode, City) VALUES ('C1074','USA','19104','Philadelphia');
INSERT INTO F23_S003_T5_CUSTOMER_ADDRESS (CUSTOMERID, Country, ZIPCode, City) VALUES ('C1075','Mexico','44180','Guadalajara');
INSERT INTO F23_S003_T5_CUSTOMER_ADDRESS (CUSTOMERID, Country, ZIPCode, City) VALUES ('C1076','USA','30302','Atlanta');
INSERT INTO F23_S003_T5_CUSTOMER_ADDRESS (CUSTOMERID, Country, ZIPCode, City) VALUES ('C1077','Canada','V6B 2T7','Vancouver');
INSERT INTO F23_S003_T5_CUSTOMER_ADDRESS (CUSTOMERID, Country, ZIPCode, City) VALUES ('C1078','USA','60621','Chicago');
INSERT INTO F23_S003_T5_CUSTOMER_ADDRESS (CUSTOMERID, Country, ZIPCode, City) VALUES ('C1079','Canada','T2P 3A6','Calgary');
INSERT INTO F23_S003_T5_CUSTOMER_ADDRESS (CUSTOMERID, Country, ZIPCode, City) VALUES ('C1080','Canada','T5J 2V4','Edmonton');
INSERT INTO F23_S003_T5_CUSTOMER_ADDRESS (CUSTOMERID, Country, ZIPCode, City) VALUES ('C1081','USA','20001','Washington DC');
INSERT INTO F23_S003_T5_CUSTOMER_ADDRESS (CUSTOMERID, Country, ZIPCode, City) VALUES ('C1082','Canada','M5H 3S5','Toronto');
INSERT INTO F23_S003_T5_CUSTOMER_ADDRESS (CUSTOMERID, Country, ZIPCode, City) VALUES ('C1083','Canada','V5K 0A1','Vancouver');
INSERT INTO F23_S003_T5_CUSTOMER_ADDRESS (CUSTOMERID, Country, ZIPCode, City) VALUES ('C1084','USA','80202','Denver');
INSERT INTO F23_S003_T5_CUSTOMER_ADDRESS (CUSTOMERID, Country, ZIPCode, City) VALUES ('C1085','Canada','V5K 0A1','Vancouver');
INSERT INTO F23_S003_T5_CUSTOMER_ADDRESS (CUSTOMERID, Country, ZIPCode, City) VALUES ('C1086','USA','92101','San Diego');
INSERT INTO F23_S003_T5_CUSTOMER_ADDRESS (CUSTOMERID, Country, ZIPCode, City) VALUES ('C1087','Mexico','6300','Mexico City');
INSERT INTO F23_S003_T5_CUSTOMER_ADDRESS (CUSTOMERID, Country, ZIPCode, City) VALUES ('C1088','Mexico','44100','Guadalajara');
INSERT INTO F23_S003_T5_CUSTOMER_ADDRESS (CUSTOMERID, Country, ZIPCode, City) VALUES ('C1089','USA','30301','Atlanta');
INSERT INTO F23_S003_T5_CUSTOMER_ADDRESS (CUSTOMERID, Country, ZIPCode, City) VALUES ('C1090','Canada','H2X 3P8','Montreal');
INSERT INTO F23_S003_T5_CUSTOMER_ADDRESS (CUSTOMERID, Country, ZIPCode, City) VALUES ('C1091','USA','19103','Philadelphia');
INSERT INTO F23_S003_T5_CUSTOMER_ADDRESS (CUSTOMERID, Country, ZIPCode, City) VALUES ('C1092','Canada','T2P 2G7','Calgary');
INSERT INTO F23_S003_T5_CUSTOMER_ADDRESS (CUSTOMERID, Country, ZIPCode, City) VALUES ('C1093','Mexico','64020','Monterrey');
INSERT INTO F23_S003_T5_CUSTOMER_ADDRESS (CUSTOMERID, Country, ZIPCode, City) VALUES ('C1094','USA','85003','Phoenix');
INSERT INTO F23_S003_T5_CUSTOMER_ADDRESS (CUSTOMERID, Country, ZIPCode, City) VALUES ('C1095','Canada','K1P 1J1','Ottawa');
INSERT INTO F23_S003_T5_CUSTOMER_ADDRESS (CUSTOMERID, Country, ZIPCode, City) VALUES ('C1096','USA','94110','San Francisco');
INSERT INTO F23_S003_T5_CUSTOMER_ADDRESS (CUSTOMERID, Country, ZIPCode, City) VALUES ('C1097','USA','98121','Seattle');
INSERT INTO F23_S003_T5_CUSTOMER_ADDRESS (CUSTOMERID, Country, ZIPCode, City) VALUES ('C1098','Canada','T5J 3A5','Edmonton');
INSERT INTO F23_S003_T5_CUSTOMER_ADDRESS (CUSTOMERID, Country, ZIPCode, City) VALUES ('C1099','Mexico','72100','Puebla');
INSERT INTO F23_S003_T5_CUSTOMER_ADDRESS (CUSTOMERID, Country, ZIPCode, City) VALUES ('C1100','Mexico','44150','Guadalajara');
INSERT INTO F23_S003_T5_CUSTOMER_ADDRESS (CUSTOMERID, Country, ZIPCode, City) VALUES ('C1101','Canada','M5H 2N2','Toronto');
INSERT INTO F23_S003_T5_CUSTOMER_ADDRESS (CUSTOMERID, Country, ZIPCode, City) VALUES ('C1102','USA','80204','Denver');
INSERT INTO F23_S003_T5_CUSTOMER_ADDRESS (CUSTOMERID, Country, ZIPCode, City) VALUES ('C1103','Mexico','6200','Mexico City');
INSERT INTO F23_S003_T5_CUSTOMER_ADDRESS (CUSTOMERID, Country, ZIPCode, City) VALUES ('C1104','Mexico','44170','Guadalajara');
INSERT INTO F23_S003_T5_CUSTOMER_ADDRESS (CUSTOMERID, Country, ZIPCode, City) VALUES ('C1105','USA','90002','Los Angeles');

--MEMBER DATA

INSERT INTO F23_S003_T5_MEMBER (CUSTOMERID, USER_NAME) VALUES ('C1051', 'jlee07');
INSERT INTO F23_S003_T5_MEMBER (CUSTOMERID, USER_NAME) VALUES ('C1052', 'cpere08');
INSERT INTO F23_S003_T5_MEMBER (CUSTOMERID, USER_NAME) VALUES ('C1053', 'btayl09');
INSERT INTO F23_S003_T5_MEMBER (CUSTOMERID, USER_NAME) VALUES ('C1054', 'mhall10');
INSERT INTO F23_S003_T5_MEMBER (CUSTOMERID, USER_NAME) VALUES ('C1055', 'dking11');
INSERT INTO F23_S003_T5_MEMBER (CUSTOMERID, USER_NAME) VALUES ('C1056', 'awrig12');
INSERT INTO F23_S003_T5_MEMBER (CUSTOMERID, USER_NAME) VALUES ('C1057', 'abake13');
INSERT INTO F23_S003_T5_MEMBER (CUSTOMERID, USER_NAME) VALUES ('C1058', 'hgree14');
INSERT INTO F23_S003_T5_MEMBER (CUSTOMERID, USER_NAME) VALUES ('C1059', 'dhall15');
INSERT INTO F23_S003_T5_MEMBER (CUSTOMERID, USER_NAME) VALUES ('C1060', 'slewi16');
INSERT INTO F23_S003_T5_MEMBER (CUSTOMERID, USER_NAME) VALUES ('C1061', 'eross51');
INSERT INTO F23_S003_T5_MEMBER (CUSTOMERID, USER_NAME) VALUES ('C1062', 'ocruz52');
INSERT INTO F23_S003_T5_MEMBER (CUSTOMERID, USER_NAME) VALUES ('C1063', 'gperr53');
INSERT INTO F23_S003_T5_MEMBER (CUSTOMERID, USER_NAME) VALUES ('C1064', 'arami54');
INSERT INTO F23_S003_T5_MEMBER (CUSTOMERID, USER_NAME) VALUES ('C1065', 'crich55');
INSERT INTO F23_S003_T5_MEMBER (CUSTOMERID, USER_NAME) VALUES ('C1066', 'lflore56');
INSERT INTO F23_S003_T5_MEMBER (CUSTOMERID, USER_NAME) VALUES ('C1067', 'awood57');
INSERT INTO F23_S003_T5_MEMBER (CUSTOMERID, USER_NAME) VALUES ('C1068', 'erich59');
INSERT INTO F23_S003_T5_MEMBER (CUSTOMERID, USER_NAME) VALUES ('C1069', 'shern60');
INSERT INTO F23_S003_T5_MEMBER (CUSTOMERID, USER_NAME) VALUES ('C1070', 'ikell61');
INSERT INTO F23_S003_T5_MEMBER (CUSTOMERID, USER_NAME) VALUES ('C1071', 'lstew62');
INSERT INTO F23_S003_T5_MEMBER (CUSTOMERID, USER_NAME) VALUES ('C1072', 'cgonz63');
INSERT INTO F23_S003_T5_MEMBER (CUSTOMERID, USER_NAME) VALUES ('C1073', 'mmurp64');
INSERT INTO F23_S003_T5_MEMBER (CUSTOMERID, USER_NAME) VALUES ('C1074', 'alewi65');
INSERT INTO F23_S003_T5_MEMBER (CUSTOMERID, USER_NAME) VALUES ('C1075', 'hross66');
INSERT INTO F23_S003_T5_MEMBER (CUSTOMERID, USER_NAME) VALUES ('C1076', 'ecoop67');
INSERT INTO F23_S003_T5_MEMBER (CUSTOMERID, USER_NAME) VALUES ('C1077', 'lwal67');
INSERT INTO F23_S003_T5_MEMBER (CUSTOMERID, USER_NAME) VALUES ('C1078', 'shaye69');
INSERT INTO F23_S003_T5_MEMBER (CUSTOMERID, USER_NAME) VALUES ('C1079', 'aprice70');
INSERT INTO F23_S003_T5_MEMBER (CUSTOMERID, USER_NAME) VALUES ('C1080', 'myoun17');
INSERT INTO F23_S003_T5_MEMBER (CUSTOMERID, USER_NAME) VALUES ('C1081', 'aturn18');
INSERT INTO F23_S003_T5_MEMBER (CUSTOMERID, USER_NAME) VALUES ('C1082', 'jscot19');
INSERT INTO F23_S003_T5_MEMBER (CUSTOMERID, USER_NAME) VALUES ('C1083', 'aclark20');
INSERT INTO F23_S003_T5_MEMBER (CUSTOMERID, USER_NAME) VALUES ('C1084', 'swalk21');
INSERT INTO F23_S003_T5_MEMBER (CUSTOMERID, USER_NAME) VALUES ('C1085', 'gadam22');
INSERT INTO F23_S003_T5_MEMBER (CUSTOMERID, USER_NAME) VALUES ('C1086', 'nhill23');
INSERT INTO F23_S003_T5_MEMBER (CUSTOMERID, USER_NAME) VALUES ('C1087', 'lbake24');
INSERT INTO F23_S003_T5_MEMBER (CUSTOMERID, USER_NAME) VALUES ('C1088', 'elope25');
INSERT INTO F23_S003_T5_MEMBER (CUSTOMERID, USER_NAME) VALUES ('C1089', 'cevan26');
INSERT INTO F23_S003_T5_MEMBER (CUSTOMERID, USER_NAME) VALUES ('C1090', 'charr27');
INSERT INTO F23_S003_T5_MEMBER (CUSTOMERID, USER_NAME) VALUES ('C1091', 'znelso28');
INSERT INTO F23_S003_T5_MEMBER (CUSTOMERID, USER_NAME) VALUES ('C1092', 'aturn29');
INSERT INTO F23_S003_T5_MEMBER (CUSTOMERID, USER_NAME) VALUES ('C1093', 'nmitch30');
INSERT INTO F23_S003_T5_MEMBER (CUSTOMERID, USER_NAME) VALUES ('C1094', 'jpowe31');
INSERT INTO F23_S003_T5_MEMBER (CUSTOMERID, USER_NAME) VALUES ('C1095', 'emurp32');
INSERT INTO F23_S003_T5_MEMBER (CUSTOMERID, USER_NAME) VALUES ('C1096', 'cbroo33');
INSERT INTO F23_S003_T5_MEMBER (CUSTOMERID, USER_NAME) VALUES ('C1097', 'aturn34');
INSERT INTO F23_S003_T5_MEMBER (CUSTOMERID, USER_NAME) VALUES ('C1098', 'wroge35');
INSERT INTO F23_S003_T5_MEMBER (CUSTOMERID, USER_NAME) VALUES ('C1099', 'lwood36');
INSERT INTO F23_S003_T5_MEMBER (CUSTOMERID, USER_NAME) VALUES ('C1100', 'sfost37');
INSERT INTO F23_S003_T5_MEMBER (CUSTOMERID, USER_NAME) VALUES ('C1101', 'along38');
INSERT INTO F23_S003_T5_MEMBER (CUSTOMERID, USER_NAME) VALUES ('C1102', 'ddiaz39');
INSERT INTO F23_S003_T5_MEMBER (CUSTOMERID, USER_NAME) VALUES ('C1103', 'amart40');
INSERT INTO F23_S003_T5_MEMBER (CUSTOMERID, USER_NAME) VALUES ('C1104', 'jpric41');
INSERT INTO F23_S003_T5_MEMBER (CUSTOMERID, USER_NAME) VALUES ('C1105', 'efost42');


--NON MEMBER DATA

INSERT INTO F23_S003_T5_NON_MEMBER (CUSTOMERID, TEMP_USER_NAME) VALUES ('C1001', 'John_Smith88');
INSERT INTO F23_S003_T5_NON_MEMBER (CUSTOMERID, TEMP_USER_NAME) VALUES ('C1002', 'Sarah_Johnson90');
INSERT INTO F23_S003_T5_NON_MEMBER (CUSTOMERID, TEMP_USER_NAME) VALUES ('C1003', 'Emily_Brown88');
INSERT INTO F23_S003_T5_NON_MEMBER (CUSTOMERID, TEMP_USER_NAME) VALUES ('C1004', 'Javier_Garcia72');
INSERT INTO F23_S003_T5_NON_MEMBER (CUSTOMERID, TEMP_USER_NAME) VALUES ('C1005', 'Michelle_Davis85');
INSERT INTO F23_S003_T5_NON_MEMBER (CUSTOMERID, TEMP_USER_NAME) VALUES ('C1006', 'Michael_Martinez87');
INSERT INTO F23_S003_T5_NON_MEMBER (CUSTOMERID, TEMP_USER_NAME) VALUES ('C1007', 'Laura_Miller95');
INSERT INTO F23_S003_T5_NON_MEMBER (CUSTOMERID, TEMP_USER_NAME) VALUES ('C1008', 'David_Wilson83');
INSERT INTO F23_S003_T5_NON_MEMBER (CUSTOMERID, TEMP_USER_NAME) VALUES ('C1009', 'Sofia_Anderson92');
INSERT INTO F23_S003_T5_NON_MEMBER (CUSTOMERID, TEMP_USER_NAME) VALUES ('C1010', 'Ryan_White91');
INSERT INTO F23_S003_T5_NON_MEMBER (CUSTOMERID, TEMP_USER_NAME) VALUES ('C1011', 'Jessica_Thompson89');
INSERT INTO F23_S003_T5_NON_MEMBER (CUSTOMERID, TEMP_USER_NAME) VALUES ('C1012', 'Diego_Lopez81');
INSERT INTO F23_S003_T5_NON_MEMBER (CUSTOMERID, TEMP_USER_NAME) VALUES ('C1013', 'Ashley_Harris86');
INSERT INTO F23_S003_T5_NON_MEMBER (CUSTOMERID, TEMP_USER_NAME) VALUES ('C1014', 'Maria_Clark85');
INSERT INTO F23_S003_T5_NON_MEMBER (CUSTOMERID, TEMP_USER_NAME) VALUES ('C1015', 'Daniel_Lewis78');
INSERT INTO F23_S003_T5_NON_MEMBER (CUSTOMERID, TEMP_USER_NAME) VALUES ('C1016', 'Olivia_Scott93');
INSERT INTO F23_S003_T5_NON_MEMBER (CUSTOMERID, TEMP_USER_NAME) VALUES ('C1017', 'Juan_Turner76');
INSERT INTO F23_S003_T5_NON_MEMBER (CUSTOMERID, TEMP_USER_NAME) VALUES ('C1018', 'Rachel_Hill84');
INSERT INTO F23_S003_T5_NON_MEMBER (CUSTOMERID, TEMP_USER_NAME) VALUES ('C1019', 'Eric_Garcia77');
INSERT INTO F23_S003_T5_NON_MEMBER (CUSTOMERID, TEMP_USER_NAME) VALUES ('C1020', 'Megan_Wood94');
INSERT INTO F23_S003_T5_NON_MEMBER (CUSTOMERID, TEMP_USER_NAME) VALUES ('C1021', 'Christopher_Patel86');
INSERT INTO F23_S003_T5_NON_MEMBER (CUSTOMERID, TEMP_USER_NAME) VALUES ('C1022', 'Karen_Smith79');
INSERT INTO F23_S003_T5_NON_MEMBER (CUSTOMERID, TEMP_USER_NAME) VALUES ('C1023', 'Nicholas_Taylor80');
INSERT INTO F23_S003_T5_NON_MEMBER (CUSTOMERID, TEMP_USER_NAME) VALUES ('C1024', 'Lisa_Adams82');
INSERT INTO F23_S003_T5_NON_MEMBER (CUSTOMERID, TEMP_USER_NAME) VALUES ('C1025', 'Kevin_Anderson73');
INSERT INTO F23_S003_T5_NON_MEMBER (CUSTOMERID, TEMP_USER_NAME) VALUES ('C1026', 'Amanda_Walker81');
INSERT INTO F23_S003_T5_NON_MEMBER (CUSTOMERID, TEMP_USER_NAME) VALUES ('C1027', 'Jose_Martin74');
INSERT INTO F23_S003_T5_NON_MEMBER (CUSTOMERID, TEMP_USER_NAME) VALUES ('C1028', 'Stephanie_King83');
INSERT INTO F23_S003_T5_NON_MEMBER (CUSTOMERID, TEMP_USER_NAME) VALUES ('C1029', 'William_Wright75');
INSERT INTO F23_S003_T5_NON_MEMBER (CUSTOMERID, TEMP_USER_NAME) VALUES ('C1030', 'Elizabeth_Lee87');
INSERT INTO F23_S003_T5_NON_MEMBER (CUSTOMERID, TEMP_USER_NAME) VALUES ('C1031', 'Robert_Hernandez78');
INSERT INTO F23_S003_T5_NON_MEMBER (CUSTOMERID, TEMP_USER_NAME) VALUES ('C1032', 'Laura_White76');
INSERT INTO F23_S003_T5_NON_MEMBER (CUSTOMERID, TEMP_USER_NAME) VALUES ('C1033', 'Jonathan_Turner79');
INSERT INTO F23_S003_T5_NON_MEMBER (CUSTOMERID, TEMP_USER_NAME) VALUES ('C1034', 'Kimberly_Mitchell77');
INSERT INTO F23_S003_T5_NON_MEMBER (CUSTOMERID, TEMP_USER_NAME) VALUES ('C1035', 'Matthew_Lewis85');
INSERT INTO F23_S003_T5_NON_MEMBER (CUSTOMERID, TEMP_USER_NAME) VALUES ('C1036', 'Michelle_Hall84');
INSERT INTO F23_S003_T5_NON_MEMBER (CUSTOMERID, TEMP_USER_NAME) VALUES ('C1037', 'Brian_Walker71');
INSERT INTO F23_S003_T5_NON_MEMBER (CUSTOMERID, TEMP_USER_NAME) VALUES ('C1038', 'Sarah_Rodriguez88');
INSERT INTO F23_S003_T5_NON_MEMBER (CUSTOMERID, TEMP_USER_NAME) VALUES ('C1039', 'Brandon_Morris89');
INSERT INTO F23_S003_T5_NON_MEMBER (CUSTOMERID, TEMP_USER_NAME) VALUES ('C1040', 'Jennifer_Adams86');
INSERT INTO F23_S003_T5_NON_MEMBER (CUSTOMERID, TEMP_USER_NAME) VALUES ('C1041', 'Daniel_Scott80');
INSERT INTO F23_S003_T5_NON_MEMBER (CUSTOMERID, TEMP_USER_NAME) VALUES ('C1042', 'Emily_Hill82');
INSERT INTO F23_S003_T5_NON_MEMBER (CUSTOMERID, TEMP_USER_NAME) VALUES ('C1043', 'Jason_Jackson74');
INSERT INTO F23_S003_T5_NON_MEMBER (CUSTOMERID, TEMP_USER_NAME) VALUES ('C1044', 'Olivia_Harris83');
INSERT INTO F23_S003_T5_NON_MEMBER (CUSTOMERID, TEMP_USER_NAME) VALUES ('C1045', 'Christopher_Smith87');
INSERT INTO F23_S003_T5_NON_MEMBER (CUSTOMERID, TEMP_USER_NAME) VALUES ('C1046', 'Angela_Turner72');
INSERT INTO F23_S003_T5_NON_MEMBER (CUSTOMERID, TEMP_USER_NAME) VALUES ('C1047', 'Andrew_Johnson81');
INSERT INTO F23_S003_T5_NON_MEMBER (CUSTOMERID, TEMP_USER_NAME) VALUES ('C1048', 'Robin_Thomas22');
INSERT INTO F23_S003_T5_NON_MEMBER (CUSTOMERID, TEMP_USER_NAME) VALUES ('C1049', 'Elira_Roy25');
INSERT INTO F23_S003_T5_NON_MEMBER (CUSTOMERID, TEMP_USER_NAME) VALUES ('C1050', 'Naz_Thomas23');

--BOOKS check

INSERT INTO F23_S003_T5_BOOKS (BOOKID, BOOK_NAME, PRICE, GENRE, CUSTOMER_RATING) VALUES  ('B0001', 'Harry Potter and the Half-Blood Prince (Harry Potter  #6)' ,'5.99', 'Fantasy','4.57' );
INSERT INTO F23_S003_T5_BOOKS (BOOKID, BOOK_NAME, PRICE, GENRE, CUSTOMER_RATING) VALUES  ('B0002', 'The Hitchhikers Guide to the Galaxy (Hitchhikers Guide to the Galaxy  #1)' ,'8.25', 'Fantasy','4.22' );
INSERT INTO F23_S003_T5_BOOKS (BOOKID, BOOK_NAME, PRICE, GENRE, CUSTOMER_RATING) VALUES  ('B0003', 'The Fellowship of the Ring (The Lord of the Rings  #1)' ,'12.5', 'Fantasy','4.36' );
INSERT INTO F23_S003_T5_BOOKS (BOOKID, BOOK_NAME, PRICE, GENRE, CUSTOMER_RATING) VALUES  ('B0004', 'Heretics of Dune (Dune Chronicles  #5)' ,'16.75', 'Fantasy','3.86' );
INSERT INTO F23_S003_T5_BOOKS (BOOKID, BOOK_NAME, PRICE, GENRE, CUSTOMER_RATING) VALUES  ('B0005', 'A wrinkle in time' ,'20.99', 'Fantasy','4.01' );
INSERT INTO F23_S003_T5_BOOKS (BOOKID, BOOK_NAME, PRICE, GENRE, CUSTOMER_RATING) VALUES  ('B0006', 'Treasure Island' ,'25.25', 'Fantasy','3.83' );
INSERT INTO F23_S003_T5_BOOKS (BOOKID, BOOK_NAME, PRICE, GENRE, CUSTOMER_RATING) VALUES  ('B0007', 'Breaking Dawn (The Twilight Saga, Book 4)' ,'29.5', 'Fantasy','4.7' );
INSERT INTO F23_S003_T5_BOOKS (BOOKID, BOOK_NAME, PRICE, GENRE, CUSTOMER_RATING) VALUES  ('B0008', 'The Hunger Games' ,'33.75', 'Fantasy','4.7' );
INSERT INTO F23_S003_T5_BOOKS (BOOKID, BOOK_NAME, PRICE, GENRE, CUSTOMER_RATING) VALUES  ('B0009', 'The Last Olympian (Percy Jackson and the Olympians, Book 5)' ,'38', 'Fantasy','4.8' );
INSERT INTO F23_S003_T5_BOOKS (BOOKID, BOOK_NAME, PRICE, GENRE, CUSTOMER_RATING) VALUES  ('B0010', 'A Dance with Dragons (A Song of Ice and Fire)' ,'42.25', 'Fantasy','4.5' );
INSERT INTO F23_S003_T5_BOOKS (BOOKID, BOOK_NAME, PRICE, GENRE, CUSTOMER_RATING) VALUES  ('B0011', 'Divergent' ,'6.25', 'Fantasy','4.7' );
INSERT INTO F23_S003_T5_BOOKS (BOOKID, BOOK_NAME, PRICE, GENRE, CUSTOMER_RATING) VALUES  ('B0012', 'Lord of the Flies' ,'9.5', 'Fantasy','3.7' );
INSERT INTO F23_S003_T5_BOOKS (BOOKID, BOOK_NAME, PRICE, GENRE, CUSTOMER_RATING) VALUES  ('B0013', 'Miss Peregrines Home for Peculiar Children ' ,'13.75', 'Fantasy','4.5' );
INSERT INTO F23_S003_T5_BOOKS (BOOKID, BOOK_NAME, PRICE, GENRE, CUSTOMER_RATING) VALUES  ('B0014', 'Le Morte DArthur' ,'17.99', 'Fantasy','3.9' );
INSERT INTO F23_S003_T5_BOOKS (BOOKID, BOOK_NAME, PRICE, GENRE, CUSTOMER_RATING) VALUES  ('B0015', 'Outlander' ,'22.25', 'Fantasy','4.3' );
INSERT INTO F23_S003_T5_BOOKS (BOOKID, BOOK_NAME, PRICE, GENRE, CUSTOMER_RATING) VALUES  ('B0016', 'The Golden Compass' ,'26.5', 'Fantasy','4.5' );
INSERT INTO F23_S003_T5_BOOKS (BOOKID, BOOK_NAME, PRICE, GENRE, CUSTOMER_RATING) VALUES  ('B0017', 'A Wizard of Earthsea' ,'30.75', 'Fantasy','4' );
INSERT INTO F23_S003_T5_BOOKS (BOOKID, BOOK_NAME, PRICE, GENRE, CUSTOMER_RATING) VALUES  ('B0018', 'Circe' ,'35', 'Fantasy','4.6' );
INSERT INTO F23_S003_T5_BOOKS (BOOKID, BOOK_NAME, PRICE, GENRE, CUSTOMER_RATING) VALUES  ('B0019', 'The Lion, the witch and the Wardrobe' ,'39.25', 'Fantasy','4.2' );
INSERT INTO F23_S003_T5_BOOKS (BOOKID, BOOK_NAME, PRICE, GENRE, CUSTOMER_RATING) VALUES  ('B0020', 'The Crystal Cave' ,'43.5', 'Fantasy','4.1' );
INSERT INTO F23_S003_T5_BOOKS (BOOKID, BOOK_NAME, PRICE, GENRE, CUSTOMER_RATING) VALUES  ('B0021', 'Tuck Everlasting' ,'6.5', 'Fantasy','4.3' );
INSERT INTO F23_S003_T5_BOOKS (BOOKID, BOOK_NAME, PRICE, GENRE, CUSTOMER_RATING) VALUES  ('B0022', 'The twelve kingdoms' ,'9.75', 'Fantasy','4.2' );
INSERT INTO F23_S003_T5_BOOKS (BOOKID, BOOK_NAME, PRICE, GENRE, CUSTOMER_RATING) VALUES  ('B0023', 'The Eye of the World' ,'14', 'Fantasy','4.2' );
INSERT INTO F23_S003_T5_BOOKS (BOOKID, BOOK_NAME, PRICE, GENRE, CUSTOMER_RATING) VALUES  ('B0024', 'The wonderful wizard of Oz' ,'18.25', 'Fantasy','4' );
INSERT INTO F23_S003_T5_BOOKS (BOOKID, BOOK_NAME, PRICE, GENRE, CUSTOMER_RATING) VALUES  ('B0025', 'A Hero Born' ,'22.5', 'Fantasy','4.6' );
INSERT INTO F23_S003_T5_BOOKS (BOOKID, BOOK_NAME, PRICE, GENRE, CUSTOMER_RATING) VALUES  ('B0026', 'Crime and Punishment ' ,'26.75', 'Thriller','4.3' );
INSERT INTO F23_S003_T5_BOOKS (BOOKID, BOOK_NAME, PRICE, GENRE, CUSTOMER_RATING) VALUES  ('B0027', 'The Hound of the Baskervilles ' ,'31', 'Thriller','4.7' );
INSERT INTO F23_S003_T5_BOOKS (BOOKID, BOOK_NAME, PRICE, GENRE, CUSTOMER_RATING) VALUES  ('B0028', 'The Murder of Roger Ackroyd' ,'35.25', 'Thriller','4.5' );
INSERT INTO F23_S003_T5_BOOKS (BOOKID, BOOK_NAME, PRICE, GENRE, CUSTOMER_RATING) VALUES  ('B0029', 'Rebecca' ,'39.5', 'Thriller','4.2' );
INSERT INTO F23_S003_T5_BOOKS (BOOKID, BOOK_NAME, PRICE, GENRE, CUSTOMER_RATING) VALUES  ('B0030', 'Cotton comes to Harlem' ,'43.75', 'Thriller','3.8' );
INSERT INTO F23_S003_T5_BOOKS (BOOKID, BOOK_NAME, PRICE, GENRE, CUSTOMER_RATING) VALUES  ('B0031', 'Bless Me, Ultima' ,'6.75', 'Thriller','3.8' );
INSERT INTO F23_S003_T5_BOOKS (BOOKID, BOOK_NAME, PRICE, GENRE, CUSTOMER_RATING) VALUES  ('B0032', 'The Devotion of Suspect X' ,'10', 'Thriller','4.2' );
INSERT INTO F23_S003_T5_BOOKS (BOOKID, BOOK_NAME, PRICE, GENRE, CUSTOMER_RATING) VALUES  ('B0033', 'The Shining' ,'14.25', 'Thriller','4.3' );
INSERT INTO F23_S003_T5_BOOKS (BOOKID, BOOK_NAME, PRICE, GENRE, CUSTOMER_RATING) VALUES  ('B0034', 'Blanche Passes Go' ,'18.5', 'Thriller','4.6' );
INSERT INTO F23_S003_T5_BOOKS (BOOKID, BOOK_NAME, PRICE, GENRE, CUSTOMER_RATING) VALUES  ('B0035', 'The Hunt for Red October' ,'22.75', 'Thriller','4.1' );
INSERT INTO F23_S003_T5_BOOKS (BOOKID, BOOK_NAME, PRICE, GENRE, CUSTOMER_RATING) VALUES  ('B0036', 'Silence of the Lambs' ,'27', 'Thriller','4.2' );
INSERT INTO F23_S003_T5_BOOKS (BOOKID, BOOK_NAME, PRICE, GENRE, CUSTOMER_RATING) VALUES  ('B0037', 'Smillas Sense of Snow' ,'31.25', 'Thriller','3.7' );
INSERT INTO F23_S003_T5_BOOKS (BOOKID, BOOK_NAME, PRICE, GENRE, CUSTOMER_RATING) VALUES  ('B0038', 'Morituri' ,'35.5', 'Thriller','3.4' );
INSERT INTO F23_S003_T5_BOOKS (BOOKID, BOOK_NAME, PRICE, GENRE, CUSTOMER_RATING) VALUES  ('B0039', 'Death of a Red Heroine' ,'39.75', 'Thriller','3.8' );
INSERT INTO F23_S003_T5_BOOKS (BOOKID, BOOK_NAME, PRICE, GENRE, CUSTOMER_RATING) VALUES  ('B0040', 'The Ice Princess ' ,'44', 'Thriller','3.7' );
INSERT INTO F23_S003_T5_BOOKS (BOOKID, BOOK_NAME, PRICE, GENRE, CUSTOMER_RATING) VALUES  ('B0041', '2666' ,'7', 'Thriller','4.2' );
INSERT INTO F23_S003_T5_BOOKS (BOOKID, BOOK_NAME, PRICE, GENRE, CUSTOMER_RATING) VALUES  ('B0042', 'Drive Your Plow Over the Bones of the Dead' ,'10.25', 'Thriller','4' );
INSERT INTO F23_S003_T5_BOOKS (BOOKID, BOOK_NAME, PRICE, GENRE, CUSTOMER_RATING) VALUES  ('B0043', 'Gone Girl' ,'14.5', 'Thriller','4.1' );
INSERT INTO F23_S003_T5_BOOKS (BOOKID, BOOK_NAME, PRICE, GENRE, CUSTOMER_RATING) VALUES  ('B0044', 'Big Little Lies' ,'18.75', 'Thriller','4.3' );
INSERT INTO F23_S003_T5_BOOKS (BOOKID, BOOK_NAME, PRICE, GENRE, CUSTOMER_RATING) VALUES  ('B0045', 'The Widows of Malabar Hill' ,'23', 'Thriller','3.9' );
INSERT INTO F23_S003_T5_BOOKS (BOOKID, BOOK_NAME, PRICE, GENRE, CUSTOMER_RATING) VALUES  ('B0046', 'The Complete Adventures Of Feluda' ,'27.25', 'Thriller','4.7' );
INSERT INTO F23_S003_T5_BOOKS (BOOKID, BOOK_NAME, PRICE, GENRE, CUSTOMER_RATING) VALUES  ('B0047', 'Dead Meat' ,'31.5', 'Thriller','4.2' );
INSERT INTO F23_S003_T5_BOOKS (BOOKID, BOOK_NAME, PRICE, GENRE, CUSTOMER_RATING) VALUES  ('B0048', 'A Rising Man' ,'35.75', 'Thriller','4.2' );
INSERT INTO F23_S003_T5_BOOKS (BOOKID, BOOK_NAME, PRICE, GENRE, CUSTOMER_RATING) VALUES  ('B0049', 'Djinn Patrol on the Purple Line' ,'40', 'Thriller','3.8' );
INSERT INTO F23_S003_T5_BOOKS (BOOKID, BOOK_NAME, PRICE, GENRE, CUSTOMER_RATING) VALUES  ('B0050', 'A Man Lay Dead' ,'44.25', 'Thriller','3.6' );
INSERT INTO F23_S003_T5_BOOKS (BOOKID, BOOK_NAME, PRICE, GENRE, CUSTOMER_RATING) VALUES  ('B0051', 'Pride and Prejudice' ,'7.25', 'Romance','4.57' );
INSERT INTO F23_S003_T5_BOOKS (BOOKID, BOOK_NAME, PRICE, GENRE, CUSTOMER_RATING) VALUES  ('B0052', 'Outlander' ,'10.5', 'Romance','4.22' );
INSERT INTO F23_S003_T5_BOOKS (BOOKID, BOOK_NAME, PRICE, GENRE, CUSTOMER_RATING) VALUES  ('B0053', 'Jane Eyre' ,'14.75', 'Romance','4.36' );
INSERT INTO F23_S003_T5_BOOKS (BOOKID, BOOK_NAME, PRICE, GENRE, CUSTOMER_RATING) VALUES  ('B0054', 'The Notebook' ,'19', 'Romance','3.86' );
INSERT INTO F23_S003_T5_BOOKS (BOOKID, BOOK_NAME, PRICE, GENRE, CUSTOMER_RATING) VALUES  ('B0055', 'Hamlet' ,'23.25', 'Romance','4.01' );
INSERT INTO F23_S003_T5_BOOKS (BOOKID, BOOK_NAME, PRICE, GENRE, CUSTOMER_RATING) VALUES  ('B0056', 'American Dreamer' ,'27.5', 'Romance','3.83' );
INSERT INTO F23_S003_T5_BOOKS (BOOKID, BOOK_NAME, PRICE, GENRE, CUSTOMER_RATING) VALUES  ('B0057', 'Hot Tamara' ,'31.75', 'Romance','4.7' );
INSERT INTO F23_S003_T5_BOOKS (BOOKID, BOOK_NAME, PRICE, GENRE, CUSTOMER_RATING) VALUES  ('B0058', 'If Its Not Forever, Its Not Love' ,'36', 'Romance','4.7' );
INSERT INTO F23_S003_T5_BOOKS (BOOKID, BOOK_NAME, PRICE, GENRE, CUSTOMER_RATING) VALUES  ('B0059', 'You are the Best Wife' ,'40.25', 'Romance','4.8' );
INSERT INTO F23_S003_T5_BOOKS (BOOKID, BOOK_NAME, PRICE, GENRE, CUSTOMER_RATING) VALUES  ('B0060', 'Life is What You Make It' ,'44.5', 'Romance','4.5' );
INSERT INTO F23_S003_T5_BOOKS (BOOKID, BOOK_NAME, PRICE, GENRE, CUSTOMER_RATING) VALUES  ('B0061', 'Five Point Someone' ,'7.5', 'Romance','4.7' );
INSERT INTO F23_S003_T5_BOOKS (BOOKID, BOOK_NAME, PRICE, GENRE, CUSTOMER_RATING) VALUES  ('B0062', 'The Bollywood Bride' ,'10.75', 'Romance','3.7' );
INSERT INTO F23_S003_T5_BOOKS (BOOKID, BOOK_NAME, PRICE, GENRE, CUSTOMER_RATING) VALUES  ('B0063', 'The Vegetarian' ,'15', 'Romance','4.5' );
INSERT INTO F23_S003_T5_BOOKS (BOOKID, BOOK_NAME, PRICE, GENRE, CUSTOMER_RATING) VALUES  ('B0064', 'Shine' ,'19.25', 'Romance','3.9' );
INSERT INTO F23_S003_T5_BOOKS (BOOKID, BOOK_NAME, PRICE, GENRE, CUSTOMER_RATING) VALUES  ('B0065', 'Kafka on the Shore' ,'23.5', 'Romance','4.3' );
INSERT INTO F23_S003_T5_BOOKS (BOOKID, BOOK_NAME, PRICE, GENRE, CUSTOMER_RATING) VALUES  ('B0066', 'The Shining' ,'27.75', 'Romance','4.5' );
INSERT INTO F23_S003_T5_BOOKS (BOOKID, BOOK_NAME, PRICE, GENRE, CUSTOMER_RATING) VALUES  ('B0067', 'Dracula' ,'32', 'Romance','4' );
INSERT INTO F23_S003_T5_BOOKS (BOOKID, BOOK_NAME, PRICE, GENRE, CUSTOMER_RATING) VALUES  ('B0068', 'The Haunting of Hill House' ,'36.25', 'Romance','4.6' );
INSERT INTO F23_S003_T5_BOOKS (BOOKID, BOOK_NAME, PRICE, GENRE, CUSTOMER_RATING) VALUES  ('B0069', 'Heavens Official Blessing' ,'40.5', 'Romance','4.2' );
INSERT INTO F23_S003_T5_BOOKS (BOOKID, BOOK_NAME, PRICE, GENRE, CUSTOMER_RATING) VALUES  ('B0070', 'The Picture of Dorian Gray' ,'44.75', 'Romance','4.1' );
INSERT INTO F23_S003_T5_BOOKS (BOOKID, BOOK_NAME, PRICE, GENRE, CUSTOMER_RATING) VALUES  ('B0071', 'The Strain' ,'7.75', 'Romance','4.3' );
INSERT INTO F23_S003_T5_BOOKS (BOOKID, BOOK_NAME, PRICE, GENRE, CUSTOMER_RATING) VALUES  ('B0072', 'Kindred' ,'11', 'Romance','4.2' );
INSERT INTO F23_S003_T5_BOOKS (BOOKID, BOOK_NAME, PRICE, GENRE, CUSTOMER_RATING) VALUES  ('B0073', 'The Gilda Stories' ,'15.25', 'Romance','4.2' );
INSERT INTO F23_S003_T5_BOOKS (BOOKID, BOOK_NAME, PRICE, GENRE, CUSTOMER_RATING) VALUES  ('B0074', 'Brown Girl in the Ring' ,'19.5', 'Romance','4' );
INSERT INTO F23_S003_T5_BOOKS (BOOKID, BOOK_NAME, PRICE, GENRE, CUSTOMER_RATING) VALUES  ('B0075', 'The Changeling' ,'23.75', 'Romance','4.6' );
INSERT INTO F23_S003_T5_BOOKS (BOOKID, BOOK_NAME, PRICE, GENRE, CUSTOMER_RATING) VALUES  ('B0076', 'The Underground Railroad' ,'28', 'Horror','4.3' );
INSERT INTO F23_S003_T5_BOOKS (BOOKID, BOOK_NAME, PRICE, GENRE, CUSTOMER_RATING) VALUES  ('B0077', 'JoJos Bizarre Adventure' ,'32.25', 'Horror','4.7' );
INSERT INTO F23_S003_T5_BOOKS (BOOKID, BOOK_NAME, PRICE, GENRE, CUSTOMER_RATING) VALUES  ('B0078', 'Dr. Nikola' ,'36.5', 'Horror','4.5' );
INSERT INTO F23_S003_T5_BOOKS (BOOKID, BOOK_NAME, PRICE, GENRE, CUSTOMER_RATING) VALUES  ('B0079', 'The Nymphos of Rocky Flats' ,'40.75', 'Horror','4.2' );
INSERT INTO F23_S003_T5_BOOKS (BOOKID, BOOK_NAME, PRICE, GENRE, CUSTOMER_RATING) VALUES  ('B0080', 'El Que Tiene Sed' ,'45', 'Horror','3.8' );
INSERT INTO F23_S003_T5_BOOKS (BOOKID, BOOK_NAME, PRICE, GENRE, CUSTOMER_RATING) VALUES  ('B0081', 'A Vrs Hz' ,'8', 'Horror','3.8' );
INSERT INTO F23_S003_T5_BOOKS (BOOKID, BOOK_NAME, PRICE, GENRE, CUSTOMER_RATING) VALUES  ('B0082', 'Dirio de um Vampiro' ,'11.25', 'Horror','4.2' );
INSERT INTO F23_S003_T5_BOOKS (BOOKID, BOOK_NAME, PRICE, GENRE, CUSTOMER_RATING) VALUES  ('B0083', 'Hauntings and Other Fantastic Tales' ,'15.5', 'Horror','4.3' );
INSERT INTO F23_S003_T5_BOOKS (BOOKID, BOOK_NAME, PRICE, GENRE, CUSTOMER_RATING) VALUES  ('B0084', 'Let the Right One In' ,'19.75', 'Horror','4.6' );
INSERT INTO F23_S003_T5_BOOKS (BOOKID, BOOK_NAME, PRICE, GENRE, CUSTOMER_RATING) VALUES  ('B0085', 'Faery Rebels: Spell Hunter' ,'24', 'Horror','4.1' );
INSERT INTO F23_S003_T5_BOOKS (BOOKID, BOOK_NAME, PRICE, GENRE, CUSTOMER_RATING) VALUES  ('B0086', 'The Strain' ,'28.25', 'Horror','4.2' );
INSERT INTO F23_S003_T5_BOOKS (BOOKID, BOOK_NAME, PRICE, GENRE, CUSTOMER_RATING) VALUES  ('B0087', 'Kindred' ,'32.5', 'Horror','3.7' );
INSERT INTO F23_S003_T5_BOOKS (BOOKID, BOOK_NAME, PRICE, GENRE, CUSTOMER_RATING) VALUES  ('B0088', 'The Gilda Stories' ,'36.75', 'Horror','3.4' );
INSERT INTO F23_S003_T5_BOOKS (BOOKID, BOOK_NAME, PRICE, GENRE, CUSTOMER_RATING) VALUES  ('B0089', 'Skin folk' ,'41', 'Horror','3.8' );
INSERT INTO F23_S003_T5_BOOKS (BOOKID, BOOK_NAME, PRICE, GENRE, CUSTOMER_RATING) VALUES  ('B0090', 'Ballad of Black Tom' ,'45.25', 'Horror','3.7' );
INSERT INTO F23_S003_T5_BOOKS (BOOKID, BOOK_NAME, PRICE, GENRE, CUSTOMER_RATING) VALUES  ('B0091', 'The Nickel Boys' ,'8.25', 'Horror','4.2' );
INSERT INTO F23_S003_T5_BOOKS (BOOKID, BOOK_NAME, PRICE, GENRE, CUSTOMER_RATING) VALUES  ('B0092', 'Steel Ball Run 1' ,'11.5', 'Horror','4' );
INSERT INTO F23_S003_T5_BOOKS (BOOKID, BOOK_NAME, PRICE, GENRE, CUSTOMER_RATING) VALUES  ('B0093', 'Dr. Nikola' ,'15.75', 'Horror','4.1' );
INSERT INTO F23_S003_T5_BOOKS (BOOKID, BOOK_NAME, PRICE, GENRE, CUSTOMER_RATING) VALUES  ('B0094', 'Die Toten Leben' ,'20', 'Horror','4.3' );
INSERT INTO F23_S003_T5_BOOKS (BOOKID, BOOK_NAME, PRICE, GENRE, CUSTOMER_RATING) VALUES  ('B0095', 'Cuentos Crueles' ,'24.25', 'Horror','3.9' );
INSERT INTO F23_S003_T5_BOOKS (BOOKID, BOOK_NAME, PRICE, GENRE, CUSTOMER_RATING) VALUES  ('B0096', 'Magicians Garden' ,'28.5', 'Horror','4.7' );
INSERT INTO F23_S003_T5_BOOKS (BOOKID, BOOK_NAME, PRICE, GENRE, CUSTOMER_RATING) VALUES  ('B0097', 'Tarot' ,'32.75', 'Horror','4.2' );
INSERT INTO F23_S003_T5_BOOKS (BOOKID, BOOK_NAME, PRICE, GENRE, CUSTOMER_RATING) VALUES  ('B0098', 'Vanitas' ,'37', 'Horror','4.2' );
INSERT INTO F23_S003_T5_BOOKS (BOOKID, BOOK_NAME, PRICE, GENRE, CUSTOMER_RATING) VALUES  ('B0099', 'Let the Right One In' ,'41.25', 'Horror','3.8' );
INSERT INTO F23_S003_T5_BOOKS (BOOKID, BOOK_NAME, PRICE, GENRE, CUSTOMER_RATING) VALUES  ('B0100', 'Here Be Nightmares' ,'45.5', 'Horror','3.6' );


--BOOKS_LANGUAGE check

INSERT INTO F23_S003_T5_BOOK_LANGUAGE(BOOKID, LANGUAGE) VALUES ('B0001', 'English');
INSERT INTO F23_S003_T5_BOOK_LANGUAGE(BOOKID, LANGUAGE) VALUES ('B0002', 'English');
INSERT INTO F23_S003_T5_BOOK_LANGUAGE(BOOKID, LANGUAGE) VALUES ('B0003', 'English');
INSERT INTO F23_S003_T5_BOOK_LANGUAGE(BOOKID, LANGUAGE) VALUES ('B0004', 'English');
INSERT INTO F23_S003_T5_BOOK_LANGUAGE(BOOKID, LANGUAGE) VALUES ('B0005', 'English');
INSERT INTO F23_S003_T5_BOOK_LANGUAGE(BOOKID, LANGUAGE) VALUES ('B0006', 'English');
INSERT INTO F23_S003_T5_BOOK_LANGUAGE(BOOKID, LANGUAGE) VALUES ('B0007', 'English');
INSERT INTO F23_S003_T5_BOOK_LANGUAGE(BOOKID, LANGUAGE) VALUES ('B0008', 'English');
INSERT INTO F23_S003_T5_BOOK_LANGUAGE(BOOKID, LANGUAGE) VALUES ('B0009', 'English');
INSERT INTO F23_S003_T5_BOOK_LANGUAGE(BOOKID, LANGUAGE) VALUES ('B0010', 'English');
INSERT INTO F23_S003_T5_BOOK_LANGUAGE(BOOKID, LANGUAGE) VALUES ('B0011', 'English');
INSERT INTO F23_S003_T5_BOOK_LANGUAGE(BOOKID, LANGUAGE) VALUES ('B0012', 'English');
INSERT INTO F23_S003_T5_BOOK_LANGUAGE(BOOKID, LANGUAGE) VALUES ('B0013', 'English');
INSERT INTO F23_S003_T5_BOOK_LANGUAGE(BOOKID, LANGUAGE) VALUES ('B0014', 'French, English');
INSERT INTO F23_S003_T5_BOOK_LANGUAGE(BOOKID, LANGUAGE) VALUES ('B0015', 'English');
INSERT INTO F23_S003_T5_BOOK_LANGUAGE(BOOKID, LANGUAGE) VALUES ('B0016', 'English');
INSERT INTO F23_S003_T5_BOOK_LANGUAGE(BOOKID, LANGUAGE) VALUES ('B0017', 'English');
INSERT INTO F23_S003_T5_BOOK_LANGUAGE(BOOKID, LANGUAGE) VALUES ('B0018', 'English');
INSERT INTO F23_S003_T5_BOOK_LANGUAGE(BOOKID, LANGUAGE) VALUES ('B0019', 'English');
INSERT INTO F23_S003_T5_BOOK_LANGUAGE(BOOKID, LANGUAGE) VALUES ('B0020', 'English');
INSERT INTO F23_S003_T5_BOOK_LANGUAGE(BOOKID, LANGUAGE) VALUES ('B0021', 'English');
INSERT INTO F23_S003_T5_BOOK_LANGUAGE(BOOKID, LANGUAGE) VALUES ('B0022', 'Japanese, English');
INSERT INTO F23_S003_T5_BOOK_LANGUAGE(BOOKID, LANGUAGE) VALUES ('B0023', 'English');
INSERT INTO F23_S003_T5_BOOK_LANGUAGE(BOOKID, LANGUAGE) VALUES ('B0024', 'English');
INSERT INTO F23_S003_T5_BOOK_LANGUAGE(BOOKID, LANGUAGE) VALUES ('B0025', 'Chinese, English');
INSERT INTO F23_S003_T5_BOOK_LANGUAGE(BOOKID, LANGUAGE) VALUES ('B0026', 'Russian, English');
INSERT INTO F23_S003_T5_BOOK_LANGUAGE(BOOKID, LANGUAGE) VALUES ('B0027', 'English');
INSERT INTO F23_S003_T5_BOOK_LANGUAGE(BOOKID, LANGUAGE) VALUES ('B0028', 'English');
INSERT INTO F23_S003_T5_BOOK_LANGUAGE(BOOKID, LANGUAGE) VALUES ('B0029', 'English');
INSERT INTO F23_S003_T5_BOOK_LANGUAGE(BOOKID, LANGUAGE) VALUES ('B0030', 'English');
INSERT INTO F23_S003_T5_BOOK_LANGUAGE(BOOKID, LANGUAGE) VALUES ('B0031', 'English');
INSERT INTO F23_S003_T5_BOOK_LANGUAGE(BOOKID, LANGUAGE) VALUES ('B0032', 'Japanese, English');
INSERT INTO F23_S003_T5_BOOK_LANGUAGE(BOOKID, LANGUAGE) VALUES ('B0033', 'English');
INSERT INTO F23_S003_T5_BOOK_LANGUAGE(BOOKID, LANGUAGE) VALUES ('B0034', 'English');
INSERT INTO F23_S003_T5_BOOK_LANGUAGE(BOOKID, LANGUAGE) VALUES ('B0035', 'English');
INSERT INTO F23_S003_T5_BOOK_LANGUAGE(BOOKID, LANGUAGE) VALUES ('B0036', 'English');
INSERT INTO F23_S003_T5_BOOK_LANGUAGE(BOOKID, LANGUAGE) VALUES ('B0037', 'Danish, English');
INSERT INTO F23_S003_T5_BOOK_LANGUAGE(BOOKID, LANGUAGE) VALUES ('B0038', 'French, English');
INSERT INTO F23_S003_T5_BOOK_LANGUAGE(BOOKID, LANGUAGE) VALUES ('B0039', 'English');
INSERT INTO F23_S003_T5_BOOK_LANGUAGE(BOOKID, LANGUAGE) VALUES ('B0040', 'Swedish, English');
INSERT INTO F23_S003_T5_BOOK_LANGUAGE(BOOKID, LANGUAGE) VALUES ('B0041', 'Spanish, English');
INSERT INTO F23_S003_T5_BOOK_LANGUAGE(BOOKID, LANGUAGE) VALUES ('B0042', 'Polish, English');
INSERT INTO F23_S003_T5_BOOK_LANGUAGE(BOOKID, LANGUAGE) VALUES ('B0043', 'English');
INSERT INTO F23_S003_T5_BOOK_LANGUAGE(BOOKID, LANGUAGE) VALUES ('B0044', 'English');
INSERT INTO F23_S003_T5_BOOK_LANGUAGE(BOOKID, LANGUAGE) VALUES ('B0045', 'English');
INSERT INTO F23_S003_T5_BOOK_LANGUAGE(BOOKID, LANGUAGE) VALUES ('B0046', 'English');
INSERT INTO F23_S003_T5_BOOK_LANGUAGE(BOOKID, LANGUAGE) VALUES ('B0047', 'English');
INSERT INTO F23_S003_T5_BOOK_LANGUAGE(BOOKID, LANGUAGE) VALUES ('B0048', 'English');
INSERT INTO F23_S003_T5_BOOK_LANGUAGE(BOOKID, LANGUAGE) VALUES ('B0049', 'English');
INSERT INTO F23_S003_T5_BOOK_LANGUAGE(BOOKID, LANGUAGE) VALUES ('B0050', 'English');
INSERT INTO F23_S003_T5_BOOK_LANGUAGE(BOOKID, LANGUAGE) VALUES ('B0051', 'English');
INSERT INTO F23_S003_T5_BOOK_LANGUAGE(BOOKID, LANGUAGE) VALUES ('B0052', 'English');
INSERT INTO F23_S003_T5_BOOK_LANGUAGE(BOOKID, LANGUAGE) VALUES ('B0053', 'English');
INSERT INTO F23_S003_T5_BOOK_LANGUAGE(BOOKID, LANGUAGE) VALUES ('B0054', 'English');
INSERT INTO F23_S003_T5_BOOK_LANGUAGE(BOOKID, LANGUAGE) VALUES ('B0055', 'English');
INSERT INTO F23_S003_T5_BOOK_LANGUAGE(BOOKID, LANGUAGE) VALUES ('B0056', 'English');
INSERT INTO F23_S003_T5_BOOK_LANGUAGE(BOOKID, LANGUAGE) VALUES ('B0057', 'English');
INSERT INTO F23_S003_T5_BOOK_LANGUAGE(BOOKID, LANGUAGE) VALUES ('B0058', 'English');
INSERT INTO F23_S003_T5_BOOK_LANGUAGE(BOOKID, LANGUAGE) VALUES ('B0059', 'English');
INSERT INTO F23_S003_T5_BOOK_LANGUAGE(BOOKID, LANGUAGE) VALUES ('B0060', 'English');
INSERT INTO F23_S003_T5_BOOK_LANGUAGE(BOOKID, LANGUAGE) VALUES ('B0061', 'English');
INSERT INTO F23_S003_T5_BOOK_LANGUAGE(BOOKID, LANGUAGE) VALUES ('B0062', 'English');
INSERT INTO F23_S003_T5_BOOK_LANGUAGE(BOOKID, LANGUAGE) VALUES ('B0063', 'English');
INSERT INTO F23_S003_T5_BOOK_LANGUAGE(BOOKID, LANGUAGE) VALUES ('B0064', 'English');
INSERT INTO F23_S003_T5_BOOK_LANGUAGE(BOOKID, LANGUAGE) VALUES ('B0065', 'English');
INSERT INTO F23_S003_T5_BOOK_LANGUAGE(BOOKID, LANGUAGE) VALUES ('B0066', 'English');
INSERT INTO F23_S003_T5_BOOK_LANGUAGE(BOOKID, LANGUAGE) VALUES ('B0067', 'English');
INSERT INTO F23_S003_T5_BOOK_LANGUAGE(BOOKID, LANGUAGE) VALUES ('B0068', 'English');
INSERT INTO F23_S003_T5_BOOK_LANGUAGE(BOOKID, LANGUAGE) VALUES ('B0069', 'English');
INSERT INTO F23_S003_T5_BOOK_LANGUAGE(BOOKID, LANGUAGE) VALUES ('B0070', 'English');
INSERT INTO F23_S003_T5_BOOK_LANGUAGE(BOOKID, LANGUAGE) VALUES ('B0071', 'English');
INSERT INTO F23_S003_T5_BOOK_LANGUAGE(BOOKID, LANGUAGE) VALUES ('B0072', 'English');
INSERT INTO F23_S003_T5_BOOK_LANGUAGE(BOOKID, LANGUAGE) VALUES ('B0073', 'English');
INSERT INTO F23_S003_T5_BOOK_LANGUAGE(BOOKID, LANGUAGE) VALUES ('B0074', 'English');
INSERT INTO F23_S003_T5_BOOK_LANGUAGE(BOOKID, LANGUAGE) VALUES ('B0075', 'English');
INSERT INTO F23_S003_T5_BOOK_LANGUAGE(BOOKID, LANGUAGE) VALUES ('B0076', 'English');
INSERT INTO F23_S003_T5_BOOK_LANGUAGE(BOOKID, LANGUAGE) VALUES ('B0077', 'English');
INSERT INTO F23_S003_T5_BOOK_LANGUAGE(BOOKID, LANGUAGE) VALUES ('B0078', 'English');
INSERT INTO F23_S003_T5_BOOK_LANGUAGE(BOOKID, LANGUAGE) VALUES ('B0079', 'English');
INSERT INTO F23_S003_T5_BOOK_LANGUAGE(BOOKID, LANGUAGE) VALUES ('B0080', 'English');
INSERT INTO F23_S003_T5_BOOK_LANGUAGE(BOOKID, LANGUAGE) VALUES ('B0081', 'English');
INSERT INTO F23_S003_T5_BOOK_LANGUAGE(BOOKID, LANGUAGE) VALUES ('B0082', 'English');
INSERT INTO F23_S003_T5_BOOK_LANGUAGE(BOOKID, LANGUAGE) VALUES ('B0083', 'English');
INSERT INTO F23_S003_T5_BOOK_LANGUAGE(BOOKID, LANGUAGE) VALUES ('B0084', 'English');
INSERT INTO F23_S003_T5_BOOK_LANGUAGE(BOOKID, LANGUAGE) VALUES ('B0085', 'English');
INSERT INTO F23_S003_T5_BOOK_LANGUAGE(BOOKID, LANGUAGE) VALUES ('B0086', 'English');
INSERT INTO F23_S003_T5_BOOK_LANGUAGE(BOOKID, LANGUAGE) VALUES ('B0087', 'English');
INSERT INTO F23_S003_T5_BOOK_LANGUAGE(BOOKID, LANGUAGE) VALUES ('B0088', 'English');
INSERT INTO F23_S003_T5_BOOK_LANGUAGE(BOOKID, LANGUAGE) VALUES ('B0089', 'English');
INSERT INTO F23_S003_T5_BOOK_LANGUAGE(BOOKID, LANGUAGE) VALUES ('B0090', 'English');
INSERT INTO F23_S003_T5_BOOK_LANGUAGE(BOOKID, LANGUAGE) VALUES ('B0091', 'English');
INSERT INTO F23_S003_T5_BOOK_LANGUAGE(BOOKID, LANGUAGE) VALUES ('B0092', 'English');
INSERT INTO F23_S003_T5_BOOK_LANGUAGE(BOOKID, LANGUAGE) VALUES ('B0093', 'English');
INSERT INTO F23_S003_T5_BOOK_LANGUAGE(BOOKID, LANGUAGE) VALUES ('B0094', 'English');
INSERT INTO F23_S003_T5_BOOK_LANGUAGE(BOOKID, LANGUAGE) VALUES ('B0095', 'English');
INSERT INTO F23_S003_T5_BOOK_LANGUAGE(BOOKID, LANGUAGE) VALUES ('B0096', 'English');
INSERT INTO F23_S003_T5_BOOK_LANGUAGE(BOOKID, LANGUAGE) VALUES ('B0097', 'English');
INSERT INTO F23_S003_T5_BOOK_LANGUAGE(BOOKID, LANGUAGE) VALUES ('B0098', 'English');
INSERT INTO F23_S003_T5_BOOK_LANGUAGE(BOOKID, LANGUAGE) VALUES ('B0099', 'English');
INSERT INTO F23_S003_T5_BOOK_LANGUAGE(BOOKID, LANGUAGE) VALUES ('B0100', 'English');

--BOOKS_PUBLISHED_BYcheck

INSERT INTO F23_S003_T5_BOOKS_PUBLISHED_BY (BOOKID, PUBLISHERID, DATE_OF_PUBLICATION, COUNT_OF_PUBLISHED_BOOKS) VALUES ('B0001','P0001', TO_DATE('09-16-2006','MM-DD-YYYY'), 640);
INSERT INTO F23_S003_T5_BOOKS_PUBLISHED_BY (BOOKID, PUBLISHERID, DATE_OF_PUBLICATION, COUNT_OF_PUBLISHED_BOOKS) VALUES ('B0002','P0002', TO_DATE('08-03-2004','MM-DD-YYYY'), 750);
INSERT INTO F23_S003_T5_BOOKS_PUBLISHED_BY (BOOKID, PUBLISHERID, DATE_OF_PUBLICATION, COUNT_OF_PUBLISHED_BOOKS) VALUES ('B0003','P0003', TO_DATE('09-05-2003','MM-DD-YYYY'), 809);
INSERT INTO F23_S003_T5_BOOKS_PUBLISHED_BY (BOOKID, PUBLISHERID, DATE_OF_PUBLICATION, COUNT_OF_PUBLISHED_BOOKS) VALUES ('B0004','P0004', TO_DATE('04-16-1984','MM-DD-YYYY'), 425);
INSERT INTO F23_S003_T5_BOOKS_PUBLISHED_BY (BOOKID, PUBLISHERID, DATE_OF_PUBLICATION, COUNT_OF_PUBLISHED_BOOKS) VALUES ('B0005','P0005', TO_DATE('05-01-2007','MM-DD-YYYY'), 176);
INSERT INTO F23_S003_T5_BOOKS_PUBLISHED_BY (BOOKID, PUBLISHERID, DATE_OF_PUBLICATION, COUNT_OF_PUBLISHED_BOOKS) VALUES ('B0006','P0006', TO_DATE('09-15-2001','MM-DD-YYYY'), 981);
INSERT INTO F23_S003_T5_BOOKS_PUBLISHED_BY (BOOKID, PUBLISHERID, DATE_OF_PUBLICATION, COUNT_OF_PUBLISHED_BOOKS) VALUES ('B0007','P0007', TO_DATE('08-02-2008','MM-DD-YYYY'), 672);
INSERT INTO F23_S003_T5_BOOKS_PUBLISHED_BY (BOOKID, PUBLISHERID, DATE_OF_PUBLICATION, COUNT_OF_PUBLISHED_BOOKS) VALUES ('B0008','P0008', TO_DATE('07-03-2010','MM-DD-YYYY'), 781);
INSERT INTO F23_S003_T5_BOOKS_PUBLISHED_BY (BOOKID, PUBLISHERID, DATE_OF_PUBLICATION, COUNT_OF_PUBLISHED_BOOKS) VALUES ('B0009','P0009', TO_DATE('05-05-2009','MM-DD-YYYY'), 624);
INSERT INTO F23_S003_T5_BOOKS_PUBLISHED_BY (BOOKID, PUBLISHERID, DATE_OF_PUBLICATION, COUNT_OF_PUBLISHED_BOOKS) VALUES ('B0010','P0010', TO_DATE('07-12-2011','MM-DD-YYYY'), 541);
INSERT INTO F23_S003_T5_BOOKS_PUBLISHED_BY (BOOKID, PUBLISHERID, DATE_OF_PUBLICATION, COUNT_OF_PUBLISHED_BOOKS) VALUES ('B0011','P0011', TO_DATE('09-30-2014','MM-DD-YYYY'), 629);
INSERT INTO F23_S003_T5_BOOKS_PUBLISHED_BY (BOOKID, PUBLISHERID, DATE_OF_PUBLICATION, COUNT_OF_PUBLISHED_BOOKS) VALUES ('B0012','P0012', TO_DATE('12-16-2003','MM-DD-YYYY'), 783);
INSERT INTO F23_S003_T5_BOOKS_PUBLISHED_BY (BOOKID, PUBLISHERID, DATE_OF_PUBLICATION, COUNT_OF_PUBLISHED_BOOKS) VALUES ('B0013','P0013', TO_DATE('06-07-2011','MM-DD-YYYY'), 835);
INSERT INTO F23_S003_T5_BOOKS_PUBLISHED_BY (BOOKID, PUBLISHERID, DATE_OF_PUBLICATION, COUNT_OF_PUBLISHED_BOOKS) VALUES ('B0014','P0014', TO_DATE('02-02-2010','MM-DD-YYYY'), 927);
INSERT INTO F23_S003_T5_BOOKS_PUBLISHED_BY (BOOKID, PUBLISHERID, DATE_OF_PUBLICATION, COUNT_OF_PUBLISHED_BOOKS) VALUES ('B0015','P0015', TO_DATE('06-01-1991','MM-DD-YYYY'), 413);
INSERT INTO F23_S003_T5_BOOKS_PUBLISHED_BY (BOOKID, PUBLISHERID, DATE_OF_PUBLICATION, COUNT_OF_PUBLISHED_BOOKS) VALUES ('B0016','P0016', TO_DATE('04-16-1996','MM-DD-YYYY'), 123);
INSERT INTO F23_S003_T5_BOOKS_PUBLISHED_BY (BOOKID, PUBLISHERID, DATE_OF_PUBLICATION, COUNT_OF_PUBLISHED_BOOKS) VALUES ('B0017','P0017', TO_DATE('09-11-2012','MM-DD-YYYY'), 456);
INSERT INTO F23_S003_T5_BOOKS_PUBLISHED_BY (BOOKID, PUBLISHERID, DATE_OF_PUBLICATION, COUNT_OF_PUBLISHED_BOOKS) VALUES ('B0018','P0018', TO_DATE('04-10-2018','MM-DD-YYYY'), 789);
INSERT INTO F23_S003_T5_BOOKS_PUBLISHED_BY (BOOKID, PUBLISHERID, DATE_OF_PUBLICATION, COUNT_OF_PUBLISHED_BOOKS) VALUES ('B0019','P0019', TO_DATE('08-14-2007','MM-DD-YYYY'), 880);
INSERT INTO F23_S003_T5_BOOKS_PUBLISHED_BY (BOOKID, PUBLISHERID, DATE_OF_PUBLICATION, COUNT_OF_PUBLISHED_BOOKS) VALUES ('B0020','P0020', TO_DATE('05-06-2003','MM-DD-YYYY'), 926);
INSERT INTO F23_S003_T5_BOOKS_PUBLISHED_BY (BOOKID, PUBLISHERID, DATE_OF_PUBLICATION, COUNT_OF_PUBLISHED_BOOKS) VALUES ('B0021','P0021', TO_DATE('08-21-2007','MM-DD-YYYY'), 899);
INSERT INTO F23_S003_T5_BOOKS_PUBLISHED_BY (BOOKID, PUBLISHERID, DATE_OF_PUBLICATION, COUNT_OF_PUBLISHED_BOOKS) VALUES ('B0022','P0022', TO_DATE('03-13-2007','MM-DD-YYYY'), 670);
INSERT INTO F23_S003_T5_BOOKS_PUBLISHED_BY (BOOKID, PUBLISHERID, DATE_OF_PUBLICATION, COUNT_OF_PUBLISHED_BOOKS) VALUES ('B0023','P0023', TO_DATE('10-16-1990','MM-DD-YYYY'), 643);
INSERT INTO F23_S003_T5_BOOKS_PUBLISHED_BY (BOOKID, PUBLISHERID, DATE_OF_PUBLICATION, COUNT_OF_PUBLISHED_BOOKS) VALUES ('B0024','P0024', TO_DATE('05-20-1996','MM-DD-YYYY'), 816);
INSERT INTO F23_S003_T5_BOOKS_PUBLISHED_BY (BOOKID, PUBLISHERID, DATE_OF_PUBLICATION, COUNT_OF_PUBLISHED_BOOKS) VALUES ('B0025','P0025', TO_DATE('03-10-2020','MM-DD-YYYY'), 990);
INSERT INTO F23_S003_T5_BOOKS_PUBLISHED_BY (BOOKID, PUBLISHERID, DATE_OF_PUBLICATION, COUNT_OF_PUBLISHED_BOOKS) VALUES ('B0026','P0026', TO_DATE('03-02-1993','MM-DD-YYYY'), 999);
INSERT INTO F23_S003_T5_BOOKS_PUBLISHED_BY (BOOKID, PUBLISHERID, DATE_OF_PUBLICATION, COUNT_OF_PUBLISHED_BOOKS) VALUES ('B0027','P0027', TO_DATE('07-01-2001','MM-DD-YYYY'), 713);
INSERT INTO F23_S003_T5_BOOKS_PUBLISHED_BY (BOOKID, PUBLISHERID, DATE_OF_PUBLICATION, COUNT_OF_PUBLISHED_BOOKS) VALUES ('B0028','P0028', TO_DATE('03-12-2022','MM-DD-YYYY'), 616);
INSERT INTO F23_S003_T5_BOOKS_PUBLISHED_BY (BOOKID, PUBLISHERID, DATE_OF_PUBLICATION, COUNT_OF_PUBLISHED_BOOKS) VALUES ('B0029','P0029', TO_DATE('02-07-2017','MM-DD-YYYY'), 719);
INSERT INTO F23_S003_T5_BOOKS_PUBLISHED_BY (BOOKID, PUBLISHERID, DATE_OF_PUBLICATION, COUNT_OF_PUBLISHED_BOOKS) VALUES ('B0030','P0030', TO_DATE('11-28-1988','MM-DD-YYYY'), 497);
INSERT INTO F23_S003_T5_BOOKS_PUBLISHED_BY (BOOKID, PUBLISHERID, DATE_OF_PUBLICATION, COUNT_OF_PUBLISHED_BOOKS) VALUES ('B0031','P0031', TO_DATE('04-01-1994','MM-DD-YYYY'), 535);
INSERT INTO F23_S003_T5_BOOKS_PUBLISHED_BY (BOOKID, PUBLISHERID, DATE_OF_PUBLICATION, COUNT_OF_PUBLISHED_BOOKS) VALUES ('B0032','P0032', TO_DATE('02-28-2012','MM-DD-YYYY'), 786);
INSERT INTO F23_S003_T5_BOOKS_PUBLISHED_BY (BOOKID, PUBLISHERID, DATE_OF_PUBLICATION, COUNT_OF_PUBLISHED_BOOKS) VALUES ('B0033','P0033', TO_DATE('05-01-1990','MM-DD-YYYY'), 321);
INSERT INTO F23_S003_T5_BOOKS_PUBLISHED_BY (BOOKID, PUBLISHERID, DATE_OF_PUBLICATION, COUNT_OF_PUBLISHED_BOOKS) VALUES ('B0034','P0034', TO_DATE('07-10-2000','MM-DD-YYYY'), 347);
INSERT INTO F23_S003_T5_BOOKS_PUBLISHED_BY (BOOKID, PUBLISHERID, DATE_OF_PUBLICATION, COUNT_OF_PUBLISHED_BOOKS) VALUES ('B0035','P0035', TO_DATE('10-01-1984','MM-DD-YYYY'), 380);
INSERT INTO F23_S003_T5_BOOKS_PUBLISHED_BY (BOOKID, PUBLISHERID, DATE_OF_PUBLICATION, COUNT_OF_PUBLISHED_BOOKS) VALUES ('B0036','P0036', TO_DATE('10-01-2013','MM-DD-YYYY'), 740);
INSERT INTO F23_S003_T5_BOOKS_PUBLISHED_BY (BOOKID, PUBLISHERID, DATE_OF_PUBLICATION, COUNT_OF_PUBLISHED_BOOKS) VALUES ('B0037','P0037', TO_DATE('10-01-1995','MM-DD-YYYY'), 863);
INSERT INTO F23_S003_T5_BOOKS_PUBLISHED_BY (BOOKID, PUBLISHERID, DATE_OF_PUBLICATION, COUNT_OF_PUBLISHED_BOOKS) VALUES ('B0038','P0038', TO_DATE('01-01-2003','MM-DD-YYYY'), 871);
INSERT INTO F23_S003_T5_BOOKS_PUBLISHED_BY (BOOKID, PUBLISHERID, DATE_OF_PUBLICATION, COUNT_OF_PUBLISHED_BOOKS) VALUES ('B0039','P0039', TO_DATE('07-01-2003','MM-DD-YYYY'), 985);
INSERT INTO F23_S003_T5_BOOKS_PUBLISHED_BY (BOOKID, PUBLISHERID, DATE_OF_PUBLICATION, COUNT_OF_PUBLISHED_BOOKS) VALUES ('B0040','P0040', TO_DATE('03-29-2011','MM-DD-YYYY'), 562);
INSERT INTO F23_S003_T5_BOOKS_PUBLISHED_BY (BOOKID, PUBLISHERID, DATE_OF_PUBLICATION, COUNT_OF_PUBLISHED_BOOKS) VALUES ('B0041','P0041', TO_DATE('09-01-2009','MM-DD-YYYY'), 710);
INSERT INTO F23_S003_T5_BOOKS_PUBLISHED_BY (BOOKID, PUBLISHERID, DATE_OF_PUBLICATION, COUNT_OF_PUBLISHED_BOOKS) VALUES ('B0042','P0042', TO_DATE('08-11-2020','MM-DD-YYYY'), 910);
INSERT INTO F23_S003_T5_BOOKS_PUBLISHED_BY (BOOKID, PUBLISHERID, DATE_OF_PUBLICATION, COUNT_OF_PUBLISHED_BOOKS) VALUES ('B0043','P0043', TO_DATE('06-05-2012','MM-DD-YYYY'), 920);
INSERT INTO F23_S003_T5_BOOKS_PUBLISHED_BY (BOOKID, PUBLISHERID, DATE_OF_PUBLICATION, COUNT_OF_PUBLISHED_BOOKS) VALUES ('B0044','P0001', TO_DATE('07-29-2014','MM-DD-YYYY'), 640);
INSERT INTO F23_S003_T5_BOOKS_PUBLISHED_BY (BOOKID, PUBLISHERID, DATE_OF_PUBLICATION, COUNT_OF_PUBLISHED_BOOKS) VALUES ('B0045','P0002', TO_DATE('11-20-2018','MM-DD-YYYY'), 750);
INSERT INTO F23_S003_T5_BOOKS_PUBLISHED_BY (BOOKID, PUBLISHERID, DATE_OF_PUBLICATION, COUNT_OF_PUBLISHED_BOOKS) VALUES ('B0046','P0003', TO_DATE('01-01-2015','MM-DD-YYYY'), 809);
INSERT INTO F23_S003_T5_BOOKS_PUBLISHED_BY (BOOKID, PUBLISHERID, DATE_OF_PUBLICATION, COUNT_OF_PUBLISHED_BOOKS) VALUES ('B0047','P0004', TO_DATE('03-18-2015','MM-DD-YYYY'), 425);
INSERT INTO F23_S003_T5_BOOKS_PUBLISHED_BY (BOOKID, PUBLISHERID, DATE_OF_PUBLICATION, COUNT_OF_PUBLISHED_BOOKS) VALUES ('B0048','P0005', TO_DATE('07-11-2016','MM-DD-YYYY'), 176);
INSERT INTO F23_S003_T5_BOOKS_PUBLISHED_BY (BOOKID, PUBLISHERID, DATE_OF_PUBLICATION, COUNT_OF_PUBLISHED_BOOKS) VALUES ('B0049','P0006', TO_DATE('02-04-2020','MM-DD-YYYY'), 981);
INSERT INTO F23_S003_T5_BOOKS_PUBLISHED_BY (BOOKID, PUBLISHERID, DATE_OF_PUBLICATION, COUNT_OF_PUBLISHED_BOOKS) VALUES ('B0050','P0007', TO_DATE('09-09-2021','MM-DD-YYYY'), 672);
INSERT INTO F23_S003_T5_BOOKS_PUBLISHED_BY (BOOKID, PUBLISHERID, DATE_OF_PUBLICATION, COUNT_OF_PUBLISHED_BOOKS) VALUES ('B0051','P0008', TO_DATE('06-15-1992','MM-DD-YYYY'), 781);
INSERT INTO F23_S003_T5_BOOKS_PUBLISHED_BY (BOOKID, PUBLISHERID, DATE_OF_PUBLICATION, COUNT_OF_PUBLISHED_BOOKS) VALUES ('B0052','P0009', TO_DATE('12-04-1983','MM-DD-YYYY'), 624);
INSERT INTO F23_S003_T5_BOOKS_PUBLISHED_BY (BOOKID, PUBLISHERID, DATE_OF_PUBLICATION, COUNT_OF_PUBLISHED_BOOKS) VALUES ('B0053','P0010', TO_DATE('10-22-2008','MM-DD-YYYY'), 541);
INSERT INTO F23_S003_T5_BOOKS_PUBLISHED_BY (BOOKID, PUBLISHERID, DATE_OF_PUBLICATION, COUNT_OF_PUBLISHED_BOOKS) VALUES ('B0054','P0011', TO_DATE('03-07-1996','MM-DD-YYYY'), 629);
INSERT INTO F23_S003_T5_BOOKS_PUBLISHED_BY (BOOKID, PUBLISHERID, DATE_OF_PUBLICATION, COUNT_OF_PUBLISHED_BOOKS) VALUES ('B0055','P0012', TO_DATE('07-30-2005','MM-DD-YYYY'), 783);
INSERT INTO F23_S003_T5_BOOKS_PUBLISHED_BY (BOOKID, PUBLISHERID, DATE_OF_PUBLICATION, COUNT_OF_PUBLISHED_BOOKS) VALUES ('B0056','P0013', TO_DATE('01-12-1989','MM-DD-YYYY'), 835);
INSERT INTO F23_S003_T5_BOOKS_PUBLISHED_BY (BOOKID, PUBLISHERID, DATE_OF_PUBLICATION, COUNT_OF_PUBLISHED_BOOKS) VALUES ('B0057','P0014', TO_DATE('09-19-1998','MM-DD-YYYY'), 927);
INSERT INTO F23_S003_T5_BOOKS_PUBLISHED_BY (BOOKID, PUBLISHERID, DATE_OF_PUBLICATION, COUNT_OF_PUBLISHED_BOOKS) VALUES ('B0058','P0015', TO_DATE('04-25-2011','MM-DD-YYYY'), 413);
INSERT INTO F23_S003_T5_BOOKS_PUBLISHED_BY (BOOKID, PUBLISHERID, DATE_OF_PUBLICATION, COUNT_OF_PUBLISHED_BOOKS) VALUES ('B0059','P0016', TO_DATE('11-08-2000','MM-DD-YYYY'), 123);
INSERT INTO F23_S003_T5_BOOKS_PUBLISHED_BY (BOOKID, PUBLISHERID, DATE_OF_PUBLICATION, COUNT_OF_PUBLISHED_BOOKS) VALUES ('B0060','P0017', TO_DATE('05-02-1984','MM-DD-YYYY'), 456);
INSERT INTO F23_S003_T5_BOOKS_PUBLISHED_BY (BOOKID, PUBLISHERID, DATE_OF_PUBLICATION, COUNT_OF_PUBLISHED_BOOKS) VALUES ('B0061','P0018', TO_DATE('08-11-1990','MM-DD-YYYY'), 789);
INSERT INTO F23_S003_T5_BOOKS_PUBLISHED_BY (BOOKID, PUBLISHERID, DATE_OF_PUBLICATION, COUNT_OF_PUBLISHED_BOOKS) VALUES ('B0062','P0019', TO_DATE('02-18-2007','MM-DD-YYYY'), 880);
INSERT INTO F23_S003_T5_BOOKS_PUBLISHED_BY (BOOKID, PUBLISHERID, DATE_OF_PUBLICATION, COUNT_OF_PUBLISHED_BOOKS) VALUES ('B0063','P0020', TO_DATE('12-03-2014','MM-DD-YYYY'), 926);
INSERT INTO F23_S003_T5_BOOKS_PUBLISHED_BY (BOOKID, PUBLISHERID, DATE_OF_PUBLICATION, COUNT_OF_PUBLISHED_BOOKS) VALUES ('B0064','P0021', TO_DATE('06-28-2003','MM-DD-YYYY'), 899);
INSERT INTO F23_S003_T5_BOOKS_PUBLISHED_BY (BOOKID, PUBLISHERID, DATE_OF_PUBLICATION, COUNT_OF_PUBLISHED_BOOKS) VALUES ('B0065','P0022', TO_DATE('10-09-1981','MM-DD-YYYY'), 670);
INSERT INTO F23_S003_T5_BOOKS_PUBLISHED_BY (BOOKID, PUBLISHERID, DATE_OF_PUBLICATION, COUNT_OF_PUBLISHED_BOOKS) VALUES ('B0066','P0023', TO_DATE('03-14-1997','MM-DD-YYYY'), 643);
INSERT INTO F23_S003_T5_BOOKS_PUBLISHED_BY (BOOKID, PUBLISHERID, DATE_OF_PUBLICATION, COUNT_OF_PUBLISHED_BOOKS) VALUES ('B0067','P0024', TO_DATE('07-01-2002','MM-DD-YYYY'), 816);
INSERT INTO F23_S003_T5_BOOKS_PUBLISHED_BY (BOOKID, PUBLISHERID, DATE_OF_PUBLICATION, COUNT_OF_PUBLISHED_BOOKS) VALUES ('B0068','P0025', TO_DATE('01-09-1985','MM-DD-YYYY'), 990);
INSERT INTO F23_S003_T5_BOOKS_PUBLISHED_BY (BOOKID, PUBLISHERID, DATE_OF_PUBLICATION, COUNT_OF_PUBLISHED_BOOKS) VALUES ('B0069','P0026', TO_DATE('09-04-2009','MM-DD-YYYY'), 999);
INSERT INTO F23_S003_T5_BOOKS_PUBLISHED_BY (BOOKID, PUBLISHERID, DATE_OF_PUBLICATION, COUNT_OF_PUBLISHED_BOOKS) VALUES ('B0070','P0027', TO_DATE('04-19-1991','MM-DD-YYYY'), 713);
INSERT INTO F23_S003_T5_BOOKS_PUBLISHED_BY (BOOKID, PUBLISHERID, DATE_OF_PUBLICATION, COUNT_OF_PUBLISHED_BOOKS) VALUES ('B0071','P0028', TO_DATE('11-26-2006','MM-DD-YYYY'), 616);
INSERT INTO F23_S003_T5_BOOKS_PUBLISHED_BY (BOOKID, PUBLISHERID, DATE_OF_PUBLICATION, COUNT_OF_PUBLISHED_BOOKS) VALUES ('B0072','P0029', TO_DATE('05-20-1993','MM-DD-YYYY'), 719);
INSERT INTO F23_S003_T5_BOOKS_PUBLISHED_BY (BOOKID, PUBLISHERID, DATE_OF_PUBLICATION, COUNT_OF_PUBLISHED_BOOKS) VALUES ('B0073','P0030', TO_DATE('08-03-2013','MM-DD-YYYY'), 497);
INSERT INTO F23_S003_T5_BOOKS_PUBLISHED_BY (BOOKID, PUBLISHERID, DATE_OF_PUBLICATION, COUNT_OF_PUBLISHED_BOOKS) VALUES ('B0074','P0031', TO_DATE('02-07-1988','MM-DD-YYYY'), 535);
INSERT INTO F23_S003_T5_BOOKS_PUBLISHED_BY (BOOKID, PUBLISHERID, DATE_OF_PUBLICATION, COUNT_OF_PUBLISHED_BOOKS) VALUES ('B0075','P0032', TO_DATE('06-10-2010','MM-DD-YYYY'), 786);
INSERT INTO F23_S003_T5_BOOKS_PUBLISHED_BY (BOOKID, PUBLISHERID, DATE_OF_PUBLICATION, COUNT_OF_PUBLISHED_BOOKS) VALUES ('B0076','P0033', TO_DATE('10-15-2004','MM-DD-YYYY'), 321);
INSERT INTO F23_S003_T5_BOOKS_PUBLISHED_BY (BOOKID, PUBLISHERID, DATE_OF_PUBLICATION, COUNT_OF_PUBLISHED_BOOKS) VALUES ('B0077','P0034', TO_DATE('03-27-1994','MM-DD-YYYY'), 347);
INSERT INTO F23_S003_T5_BOOKS_PUBLISHED_BY (BOOKID, PUBLISHERID, DATE_OF_PUBLICATION, COUNT_OF_PUBLISHED_BOOKS) VALUES ('B0078','P0035', TO_DATE('07-22-2001','MM-DD-YYYY'), 380);
INSERT INTO F23_S003_T5_BOOKS_PUBLISHED_BY (BOOKID, PUBLISHERID, DATE_OF_PUBLICATION, COUNT_OF_PUBLISHED_BOOKS) VALUES ('B0079','P0036', TO_DATE('01-31-1982','MM-DD-YYYY'), 740);
INSERT INTO F23_S003_T5_BOOKS_PUBLISHED_BY (BOOKID, PUBLISHERID, DATE_OF_PUBLICATION, COUNT_OF_PUBLISHED_BOOKS) VALUES ('B0080','P0037', TO_DATE('09-29-2007','MM-DD-YYYY'), 863);
INSERT INTO F23_S003_T5_BOOKS_PUBLISHED_BY (BOOKID, PUBLISHERID, DATE_OF_PUBLICATION, COUNT_OF_PUBLISHED_BOOKS) VALUES ('B0081','P0038', TO_DATE('04-11-1995','MM-DD-YYYY'), 871);
INSERT INTO F23_S003_T5_BOOKS_PUBLISHED_BY (BOOKID, PUBLISHERID, DATE_OF_PUBLICATION, COUNT_OF_PUBLISHED_BOOKS) VALUES ('B0082','P0039', TO_DATE('11-13-2012','MM-DD-YYYY'), 985);
INSERT INTO F23_S003_T5_BOOKS_PUBLISHED_BY (BOOKID, PUBLISHERID, DATE_OF_PUBLICATION, COUNT_OF_PUBLISHED_BOOKS) VALUES ('B0083','P0040', TO_DATE('05-05-1986','MM-DD-YYYY'), 562);
INSERT INTO F23_S003_T5_BOOKS_PUBLISHED_BY (BOOKID, PUBLISHERID, DATE_OF_PUBLICATION, COUNT_OF_PUBLISHED_BOOKS) VALUES ('B0084','P0041', TO_DATE('08-25-1999','MM-DD-YYYY'), 710);
INSERT INTO F23_S003_T5_BOOKS_PUBLISHED_BY (BOOKID, PUBLISHERID, DATE_OF_PUBLICATION, COUNT_OF_PUBLISHED_BOOKS) VALUES ('B0085','P0042', TO_DATE('02-24-2004','MM-DD-YYYY'), 910);
INSERT INTO F23_S003_T5_BOOKS_PUBLISHED_BY (BOOKID, PUBLISHERID, DATE_OF_PUBLICATION, COUNT_OF_PUBLISHED_BOOKS) VALUES ('B0086','P0043', TO_DATE('06-23-1987','MM-DD-YYYY'), 920);
INSERT INTO F23_S003_T5_BOOKS_PUBLISHED_BY (BOOKID, PUBLISHERID, DATE_OF_PUBLICATION, COUNT_OF_PUBLISHED_BOOKS) VALUES ('B0087','P0028', TO_DATE('12-08-2003','MM-DD-YYYY'), 497);
INSERT INTO F23_S003_T5_BOOKS_PUBLISHED_BY (BOOKID, PUBLISHERID, DATE_OF_PUBLICATION, COUNT_OF_PUBLISHED_BOOKS) VALUES ('B0088','P0029', TO_DATE('10-04-2014','MM-DD-YYYY'), 535);
INSERT INTO F23_S003_T5_BOOKS_PUBLISHED_BY (BOOKID, PUBLISHERID, DATE_OF_PUBLICATION, COUNT_OF_PUBLISHED_BOOKS) VALUES ('B0089','P0030', TO_DATE('03-19-1990','MM-DD-YYYY'), 786);
INSERT INTO F23_S003_T5_BOOKS_PUBLISHED_BY (BOOKID, PUBLISHERID, DATE_OF_PUBLICATION, COUNT_OF_PUBLISHED_BOOKS) VALUES ('B0090','P0031', TO_DATE('07-17-2008','MM-DD-YYYY'), 321);
INSERT INTO F23_S003_T5_BOOKS_PUBLISHED_BY (BOOKID, PUBLISHERID, DATE_OF_PUBLICATION, COUNT_OF_PUBLISHED_BOOKS) VALUES ('B0091','P0032', TO_DATE('01-20-2001','MM-DD-YYYY'), 347);
INSERT INTO F23_S003_T5_BOOKS_PUBLISHED_BY (BOOKID, PUBLISHERID, DATE_OF_PUBLICATION, COUNT_OF_PUBLISHED_BOOKS) VALUES ('B0092','P0033', TO_DATE('09-11-1991','MM-DD-YYYY'), 380);
INSERT INTO F23_S003_T5_BOOKS_PUBLISHED_BY (BOOKID, PUBLISHERID, DATE_OF_PUBLICATION, COUNT_OF_PUBLISHED_BOOKS) VALUES ('B0093','P0034', TO_DATE('05-16-2012','MM-DD-YYYY'), 740);
INSERT INTO F23_S003_T5_BOOKS_PUBLISHED_BY (BOOKID, PUBLISHERID, DATE_OF_PUBLICATION, COUNT_OF_PUBLISHED_BOOKS) VALUES ('B0094','P0035', TO_DATE('08-29-1985','MM-DD-YYYY'), 863);
INSERT INTO F23_S003_T5_BOOKS_PUBLISHED_BY (BOOKID, PUBLISHERID, DATE_OF_PUBLICATION, COUNT_OF_PUBLISHED_BOOKS) VALUES ('B0095','P0036', TO_DATE('02-02-2009','MM-DD-YYYY'), 871);
INSERT INTO F23_S003_T5_BOOKS_PUBLISHED_BY (BOOKID, PUBLISHERID, DATE_OF_PUBLICATION, COUNT_OF_PUBLISHED_BOOKS) VALUES ('B0096','P0037', TO_DATE('11-21-2013','MM-DD-YYYY'), 985);
INSERT INTO F23_S003_T5_BOOKS_PUBLISHED_BY (BOOKID, PUBLISHERID, DATE_OF_PUBLICATION, COUNT_OF_PUBLISHED_BOOKS) VALUES ('B0097','P0038', TO_DATE('04-06-1982','MM-DD-YYYY'), 562);
INSERT INTO F23_S003_T5_BOOKS_PUBLISHED_BY (BOOKID, PUBLISHERID, DATE_OF_PUBLICATION, COUNT_OF_PUBLISHED_BOOKS) VALUES ('B0098','P0039', TO_DATE('06-08-1996','MM-DD-YYYY'), 710);
INSERT INTO F23_S003_T5_BOOKS_PUBLISHED_BY (BOOKID, PUBLISHERID, DATE_OF_PUBLICATION, COUNT_OF_PUBLISHED_BOOKS) VALUES ('B0099','P0040', TO_DATE('10-12-2005','MM-DD-YYYY'), 910);
INSERT INTO F23_S003_T5_BOOKS_PUBLISHED_BY (BOOKID, PUBLISHERID, DATE_OF_PUBLICATION, COUNT_OF_PUBLISHED_BOOKS) VALUES ('B0100','P0041', TO_DATE('03-30-1983','MM-DD-YYYY'), 920);

--AUTHORS check

INSERT INTO  F23_S003_T5_AUTHORS (AUTHORID, AUTHOR_NAME, GENDER, ETHNICITY, COUNTRY, DOB) VALUES ('A0001','J.K. Rowling','Female','White','England', TO_DATE('08-31-1965','MM-DD-YYYY'));
INSERT INTO  F23_S003_T5_AUTHORS (AUTHORID, AUTHOR_NAME, GENDER, ETHNICITY, COUNTRY, DOB) VALUES ('A0002','Douglas Adams',' Male','White','England', TO_DATE(' 03-11-1952','MM-DD-YYYY'));
INSERT INTO  F23_S003_T5_AUTHORS (AUTHORID, AUTHOR_NAME, GENDER, ETHNICITY, COUNTRY, DOB) VALUES ('A0003','J.R.R. Tolkien',' Male','White','England', TO_DATE(' 01-03-1892','MM-DD-YYYY'));
INSERT INTO  F23_S003_T5_AUTHORS (AUTHORID, AUTHOR_NAME, GENDER, ETHNICITY, COUNTRY, DOB) VALUES ('A0004','Frank Herbert',' Male','White','USA', TO_DATE(' 08-08-1920','MM-DD-YYYY'));
INSERT INTO  F23_S003_T5_AUTHORS (AUTHORID, AUTHOR_NAME, GENDER, ETHNICITY, COUNTRY, DOB) VALUES ('A0005','Madeleine LEngle',' Female','White','USA', TO_DATE(' 11-29-1918','MM-DD-YYYY'));
INSERT INTO  F23_S003_T5_AUTHORS (AUTHORID, AUTHOR_NAME, GENDER, ETHNICITY, COUNTRY, DOB) VALUES ('A0006','Robert Louis Stevenson',' Male','White','Scotland', TO_DATE(' 11-13-1850','MM-DD-YYYY'));
INSERT INTO  F23_S003_T5_AUTHORS (AUTHORID, AUTHOR_NAME, GENDER, ETHNICITY, COUNTRY, DOB) VALUES ('A0007','Stephenie Meyer',' Female','White','USA', TO_DATE(' 12-24-1973','MM-DD-YYYY'));
INSERT INTO  F23_S003_T5_AUTHORS (AUTHORID, AUTHOR_NAME, GENDER, ETHNICITY, COUNTRY, DOB) VALUES ('A0008','Suzanne Collins',' Female','White','USA', TO_DATE(' 08-10-1962','MM-DD-YYYY'));
INSERT INTO  F23_S003_T5_AUTHORS (AUTHORID, AUTHOR_NAME, GENDER, ETHNICITY, COUNTRY, DOB) VALUES ('A0009','Rick Riordan',' Male','White','USA', TO_DATE(' 04-05-1964','MM-DD-YYYY'));
INSERT INTO  F23_S003_T5_AUTHORS (AUTHORID, AUTHOR_NAME, GENDER, ETHNICITY, COUNTRY, DOB) VALUES ('A0010','George R. R. Martin',' Male','White','USA', TO_DATE(' 06-20-1948','MM-DD-YYYY'));
INSERT INTO  F23_S003_T5_AUTHORS (AUTHORID, AUTHOR_NAME, GENDER, ETHNICITY, COUNTRY, DOB) VALUES ('A0011','Veronica Roth',' Female','White','England', TO_DATE(' 02-19-1988','MM-DD-YYYY'));
INSERT INTO  F23_S003_T5_AUTHORS (AUTHORID, AUTHOR_NAME, GENDER, ETHNICITY, COUNTRY, DOB) VALUES ('A0012','William Golding',' Male','Null','Canada', TO_DATE(' 05-19-1911','MM-DD-YYYY'));
INSERT INTO  F23_S003_T5_AUTHORS (AUTHORID, AUTHOR_NAME, GENDER, ETHNICITY, COUNTRY, DOB) VALUES ('A0013','Ransom Riggs',' Male','White','USA', TO_DATE(' 07-3-1979','MM-DD-YYYY'));
INSERT INTO  F23_S003_T5_AUTHORS (AUTHORID, AUTHOR_NAME, GENDER, ETHNICITY, COUNTRY, DOB) VALUES ('A0014','Sir Thomas Malory',' Male','White','England', TO_DATE('04-17-1902','MM-DD-YYYY'));
INSERT INTO  F23_S003_T5_AUTHORS (AUTHORID, AUTHOR_NAME, GENDER, ETHNICITY, COUNTRY, DOB) VALUES ('A0015','Diana Gabaldon',' Female','White','Scotland', TO_DATE('01-11-1952','MM-DD-YYYY'));
INSERT INTO  F23_S003_T5_AUTHORS (AUTHORID, AUTHOR_NAME, GENDER, ETHNICITY, COUNTRY, DOB) VALUES ('A0016','Philip Pullman',' Male','Null','Null', TO_DATE('10-19-1946','MM-DD-YYYY'));
INSERT INTO  F23_S003_T5_AUTHORS (AUTHORID, AUTHOR_NAME, GENDER, ETHNICITY, COUNTRY, DOB) VALUES ('A0017','Ursula K. Le Guin',' Female','White','England', TO_DATE('10-21-1929','MM-DD-YYYY'));
INSERT INTO  F23_S003_T5_AUTHORS (AUTHORID, AUTHOR_NAME, GENDER, ETHNICITY, COUNTRY, DOB) VALUES ('A0018','Madeline Miller',' Female','White','USA', TO_DATE('07-24-1978','MM-DD-YYYY'));
INSERT INTO  F23_S003_T5_AUTHORS (AUTHORID, AUTHOR_NAME, GENDER, ETHNICITY, COUNTRY, DOB) VALUES ('A0019','C.S Lewis',' Male','White','England', TO_DATE('11-29-1898','MM-DD-YYYY'));
INSERT INTO  F23_S003_T5_AUTHORS (AUTHORID, AUTHOR_NAME, GENDER, ETHNICITY, COUNTRY, DOB) VALUES ('A0020','Mary stewart',' Female','White','England', TO_DATE('09-17-1916','MM-DD-YYYY'));
INSERT INTO  F23_S003_T5_AUTHORS (AUTHORID, AUTHOR_NAME, GENDER, ETHNICITY, COUNTRY, DOB) VALUES ('A0021','Natalie Babbit',' Female','White','USA', TO_DATE('07-28-1932','MM-DD-YYYY'));
INSERT INTO  F23_S003_T5_AUTHORS (AUTHORID, AUTHOR_NAME, GENDER, ETHNICITY, COUNTRY, DOB) VALUES ('A0022','Fuyumi Ono',' Male','Japanese','Japan', TO_DATE('01-24-1961','MM-DD-YYYY'));
INSERT INTO  F23_S003_T5_AUTHORS (AUTHORID, AUTHOR_NAME, GENDER, ETHNICITY, COUNTRY, DOB) VALUES ('A0023','Robert Jordan ',' Male','White','Null', TO_DATE('10-17-1948','MM-DD-YYYY'));
INSERT INTO  F23_S003_T5_AUTHORS (AUTHORID, AUTHOR_NAME, GENDER, ETHNICITY, COUNTRY, DOB) VALUES ('A0024','Frank Baum',' Male','White','USA', TO_DATE('04-15-1856','MM-DD-YYYY'));
INSERT INTO  F23_S003_T5_AUTHORS (AUTHORID, AUTHOR_NAME, GENDER, ETHNICITY, COUNTRY, DOB) VALUES ('A0025','Jin Yong',' Male','Chinese','China', TO_DATE('02-06-1924','MM-DD-YYYY'));
INSERT INTO  F23_S003_T5_AUTHORS (AUTHORID, AUTHOR_NAME, GENDER, ETHNICITY, COUNTRY, DOB) VALUES ('A0026','Fyodor Dostoevsky',' Male','Russian','Russia', TO_DATE('11-11-1821','MM-DD-YYYY'));
INSERT INTO  F23_S003_T5_AUTHORS (AUTHORID, AUTHOR_NAME, GENDER, ETHNICITY, COUNTRY, DOB) VALUES ('A0027','Sir Arthur Conan Doyle','Male','British','England', TO_DATE('03-22-1859','MM-DD-YYYY'));
INSERT INTO  F23_S003_T5_AUTHORS (AUTHORID, AUTHOR_NAME, GENDER, ETHNICITY, COUNTRY, DOB) VALUES ('A0028','Agatha Christie',' Female','White','England', TO_DATE('01-15-1890','MM-DD-YYYY'));
INSERT INTO  F23_S003_T5_AUTHORS (AUTHORID, AUTHOR_NAME, GENDER, ETHNICITY, COUNTRY, DOB) VALUES ('A0029','Daphne Du Maurier',' Female','White','France', TO_DATE('05-13-1907','MM-DD-YYYY'));
INSERT INTO  F23_S003_T5_AUTHORS (AUTHORID, AUTHOR_NAME, GENDER, ETHNICITY, COUNTRY, DOB) VALUES ('A0030','Chester Himes','Male','African American','USA', TO_DATE('07-29-1909','MM-DD-YYYY'));
INSERT INTO  F23_S003_T5_AUTHORS (AUTHORID, AUTHOR_NAME, GENDER, ETHNICITY, COUNTRY, DOB) VALUES ('A0031','Rudolfo Anaya','Male','Hispanic','Mexico', TO_DATE('10-30-1937','MM-DD-YYYY'));
INSERT INTO  F23_S003_T5_AUTHORS (AUTHORID, AUTHOR_NAME, GENDER, ETHNICITY, COUNTRY, DOB) VALUES ('A0032','Keigo Higashino',' Female','Japanese','Japan', TO_DATE('02-04-1958','MM-DD-YYYY'));
INSERT INTO  F23_S003_T5_AUTHORS (AUTHORID, AUTHOR_NAME, GENDER, ETHNICITY, COUNTRY, DOB) VALUES ('A0033','Stephen King',' Female','White','USA', TO_DATE('09-21-1947','MM-DD-YYYY'));
INSERT INTO  F23_S003_T5_AUTHORS (AUTHORID, AUTHOR_NAME, GENDER, ETHNICITY, COUNTRY, DOB) VALUES ('A0034','Barbara Neely',' Female','African American','USA', TO_DATE('12-30-1941','MM-DD-YYYY'));
INSERT INTO  F23_S003_T5_AUTHORS (AUTHORID, AUTHOR_NAME, GENDER, ETHNICITY, COUNTRY, DOB) VALUES ('A0035','Tom Clancy','Male','White','England', TO_DATE('04-12-1947','MM-DD-YYYY'));
INSERT INTO  F23_S003_T5_AUTHORS (AUTHORID, AUTHOR_NAME, GENDER, ETHNICITY, COUNTRY, DOB) VALUES ('A0036','Thomas Harris','Male','White','USA', TO_DATE('04-11-1940','MM-DD-YYYY'));
INSERT INTO  F23_S003_T5_AUTHORS (AUTHORID, AUTHOR_NAME, GENDER, ETHNICITY, COUNTRY, DOB) VALUES ('A0037','Peter Hoeg','Male','Danish','Denmark', TO_DATE('05-17-1957','MM-DD-YYYY'));
INSERT INTO  F23_S003_T5_AUTHORS (AUTHORID, AUTHOR_NAME, GENDER, ETHNICITY, COUNTRY, DOB) VALUES ('A0038','Yasmina Khadra','Male','Algerian','Algeria', TO_DATE('01-10-1955','MM-DD-YYYY'));
INSERT INTO  F23_S003_T5_AUTHORS (AUTHORID, AUTHOR_NAME, GENDER, ETHNICITY, COUNTRY, DOB) VALUES ('A0039','Qiu Xiaolong','Male','Chinese','China', TO_DATE('07-29-1953','MM-DD-YYYY'));
INSERT INTO  F23_S003_T5_AUTHORS (AUTHORID, AUTHOR_NAME, GENDER, ETHNICITY, COUNTRY, DOB) VALUES ('A0040','Camilla Lckberg',' Female','Swedish','Sweden', TO_DATE('08-30-1974','MM-DD-YYYY'));
INSERT INTO  F23_S003_T5_AUTHORS (AUTHORID, AUTHOR_NAME, GENDER, ETHNICITY, COUNTRY, DOB) VALUES ('A0041','Rober Bolano','Male','Chilean','Chile', TO_DATE('04-28-1953','MM-DD-YYYY'));
INSERT INTO  F23_S003_T5_AUTHORS (AUTHORID, AUTHOR_NAME, GENDER, ETHNICITY, COUNTRY, DOB) VALUES ('A0042','Olga Tokarczuk',' Female','White','Poland', TO_DATE('01-29-1962','MM-DD-YYYY'));
INSERT INTO  F23_S003_T5_AUTHORS (AUTHORID, AUTHOR_NAME, GENDER, ETHNICITY, COUNTRY, DOB) VALUES ('A0043','Gillian Flynn',' Female','White','England', TO_DATE('02-24-1971','MM-DD-YYYY'));
INSERT INTO  F23_S003_T5_AUTHORS (AUTHORID, AUTHOR_NAME, GENDER, ETHNICITY, COUNTRY, DOB) VALUES ('A0044','Liane Moriarty',' Female','White','England', TO_DATE('11-15-1966','MM-DD-YYYY'));
INSERT INTO  F23_S003_T5_AUTHORS (AUTHORID, AUTHOR_NAME, GENDER, ETHNICITY, COUNTRY, DOB) VALUES ('A0045','Sujata Massey',' Female','Asian American','India', TO_DATE('06-22-1964','MM-DD-YYYY'));
INSERT INTO  F23_S003_T5_AUTHORS (AUTHORID, AUTHOR_NAME, GENDER, ETHNICITY, COUNTRY, DOB) VALUES ('A0046','Satyajit Ray','Male','Indian','India', TO_DATE('05-02-1921','MM-DD-YYYY'));
INSERT INTO  F23_S003_T5_AUTHORS (AUTHORID, AUTHOR_NAME, GENDER, ETHNICITY, COUNTRY, DOB) VALUES ('A0047','Ankush Saikia','Male','Indian','India', TO_DATE('08-30-1997','MM-DD-YYYY'));
INSERT INTO  F23_S003_T5_AUTHORS (AUTHORID, AUTHOR_NAME, GENDER, ETHNICITY, COUNTRY, DOB) VALUES ('A0048','Abir Mukherjee','Male','Indian','India', TO_DATE('07-09-1994','MM-DD-YYYY'));
INSERT INTO  F23_S003_T5_AUTHORS (AUTHORID, AUTHOR_NAME, GENDER, ETHNICITY, COUNTRY, DOB) VALUES ('A0049','Deepa Anappara',' Female','Indian','India', TO_DATE('11-08-1999','MM-DD-YYYY'));
INSERT INTO  F23_S003_T5_AUTHORS (AUTHORID, AUTHOR_NAME, GENDER, ETHNICITY, COUNTRY, DOB) VALUES ('A0050','Ngaoi Marsh','Male','White','New Zealand', TO_DATE('April 23, 1895','MM-DD-YYYY'));
INSERT INTO  F23_S003_T5_AUTHORS (AUTHORID, AUTHOR_NAME, GENDER, ETHNICITY, COUNTRY, DOB) VALUES ('A0051','Jane Austen','Female','British(English)','England', TO_DATE('12-16-1775','MM-DD-YYYY'));
INSERT INTO  F23_S003_T5_AUTHORS (AUTHORID, AUTHOR_NAME, GENDER, ETHNICITY, COUNTRY, DOB) VALUES ('A0052','Diana Gabaldon','Female','American','USA', TO_DATE('11-12-1952','MM-DD-YYYY'));
INSERT INTO  F23_S003_T5_AUTHORS (AUTHORID, AUTHOR_NAME, GENDER, ETHNICITY, COUNTRY, DOB) VALUES ('A0053','Charlotte Bronte','Female','British(English)','England', TO_DATE('04-21-1816','MM-DD-YYYY'));
INSERT INTO  F23_S003_T5_AUTHORS (AUTHORID, AUTHOR_NAME, GENDER, ETHNICITY, COUNTRY, DOB) VALUES ('A0054','Nicholas Sparks','Male','American','USA', TO_DATE('12-31-1965','MM-DD-YYYY'));
INSERT INTO  F23_S003_T5_AUTHORS (AUTHORID, AUTHOR_NAME, GENDER, ETHNICITY, COUNTRY, DOB) VALUES ('A0055','William Shakesphere','Male','British(English)','England', TO_DATE('04-24-1564','MM-DD-YYYY'));
INSERT INTO  F23_S003_T5_AUTHORS (AUTHORID, AUTHOR_NAME, GENDER, ETHNICITY, COUNTRY, DOB) VALUES ('A0056','Adriana Herrera','Female','Latino','Dominican Republic', TO_DATE('06-17-1990','MM-DD-YYYY'));
INSERT INTO  F23_S003_T5_AUTHORS (AUTHORID, AUTHOR_NAME, GENDER, ETHNICITY, COUNTRY, DOB) VALUES ('A0057','Mary Castillo','Female','Latino','USA', TO_DATE('05-19-1974','MM-DD-YYYY'));
INSERT INTO  F23_S003_T5_AUTHORS (AUTHORID, AUTHOR_NAME, GENDER, ETHNICITY, COUNTRY, DOB) VALUES ('A0058','Durjoy Datta','Male','South Asian','India', TO_DATE('07-02-1987','MM-DD-YYYY'));
INSERT INTO  F23_S003_T5_AUTHORS (AUTHORID, AUTHOR_NAME, GENDER, ETHNICITY, COUNTRY, DOB) VALUES ('A0059','Ajay K Pandey','Male','South Asian','India', TO_DATE('08-07-1984','MM-DD-YYYY'));
INSERT INTO  F23_S003_T5_AUTHORS (AUTHORID, AUTHOR_NAME, GENDER, ETHNICITY, COUNTRY, DOB) VALUES ('A0060','Preeti Shenoy','Female','South Asian','India', TO_DATE('12-12-1971','MM-DD-YYYY'));
INSERT INTO  F23_S003_T5_AUTHORS (AUTHORID, AUTHOR_NAME, GENDER, ETHNICITY, COUNTRY, DOB) VALUES ('A0061','Chetan Bhagat','Male','South Asian','India', TO_DATE('2-04-1974','MM-DD-YYYY'));
INSERT INTO  F23_S003_T5_AUTHORS (AUTHORID, AUTHOR_NAME, GENDER, ETHNICITY, COUNTRY, DOB) VALUES ('A0062','Sonali Dev','Female','South Asian','India', TO_DATE('02-06-1972','MM-DD-YYYY'));
INSERT INTO  F23_S003_T5_AUTHORS (AUTHORID, AUTHOR_NAME, GENDER, ETHNICITY, COUNTRY, DOB) VALUES ('A0063','Han Kang','Female','South East Asian','South Korea', TO_DATE('11-16-1970','MM-DD-YYYY'));
INSERT INTO  F23_S003_T5_AUTHORS (AUTHORID, AUTHOR_NAME, GENDER, ETHNICITY, COUNTRY, DOB) VALUES ('A0064','Jessica Jung','Female','South East Asian','South Korea', TO_DATE('08-14-1989','MM-DD-YYYY'));
INSERT INTO  F23_S003_T5_AUTHORS (AUTHORID, AUTHOR_NAME, GENDER, ETHNICITY, COUNTRY, DOB) VALUES ('A0065','Han Sorya','Male','South East Asian','North Korea', TO_DATE('03-08-1900','MM-DD-YYYY'));
INSERT INTO  F23_S003_T5_AUTHORS (AUTHORID, AUTHOR_NAME, GENDER, ETHNICITY, COUNTRY, DOB) VALUES ('A0066','Gu Hyo-seo','Male','South East Asian','South Korea', TO_DATE('09/09-1958','MM-DD-YYYY'));
INSERT INTO  F23_S003_T5_AUTHORS (AUTHORID, AUTHOR_NAME, GENDER, ETHNICITY, COUNTRY, DOB) VALUES ('A0067','Kang Yoon Suk','Female','South East Asian','South Korea', TO_DATE('10-11-1967','MM-DD-YYYY'));
INSERT INTO  F23_S003_T5_AUTHORS (AUTHORID, AUTHOR_NAME, GENDER, ETHNICITY, COUNTRY, DOB) VALUES ('A0068','Yu Hua','Male','South East Asian','China', TO_DATE('03-04-1960','MM-DD-YYYY'));
INSERT INTO  F23_S003_T5_AUTHORS (AUTHORID, AUTHOR_NAME, GENDER, ETHNICITY, COUNTRY, DOB) VALUES ('A0069','Mo Xiang Tong Xiu','Female','South East Asian','China', TO_DATE('03-23-1983','MM-DD-YYYY'));
INSERT INTO  F23_S003_T5_AUTHORS (AUTHORID, AUTHOR_NAME, GENDER, ETHNICITY, COUNTRY, DOB) VALUES ('A0070','Ba Jin','Male','South East Asian','China', TO_DATE('11-25-1904','MM-DD-YYYY'));
INSERT INTO  F23_S003_T5_AUTHORS (AUTHORID, AUTHOR_NAME, GENDER, ETHNICITY, COUNTRY, DOB) VALUES ('A0071','Shen Shixi','Male','South East Asian','China', TO_DATE('10-10-1951','MM-DD-YYYY'));
INSERT INTO  F23_S003_T5_AUTHORS (AUTHORID, AUTHOR_NAME, GENDER, ETHNICITY, COUNTRY, DOB) VALUES ('A0072','Hiromi Kawakami','Female','South East Asian','Japan', TO_DATE('05-06-1958','MM-DD-YYYY'));
INSERT INTO  F23_S003_T5_AUTHORS (AUTHORID, AUTHOR_NAME, GENDER, ETHNICITY, COUNTRY, DOB) VALUES ('A0073','Haruki Murakami','Male','South East Asian','Japan', TO_DATE('12-01-1949','MM-DD-YYYY'));
INSERT INTO  F23_S003_T5_AUTHORS (AUTHORID, AUTHOR_NAME, GENDER, ETHNICITY, COUNTRY, DOB) VALUES ('A0074','Yasunari Kawabata','Male','South East Asian','Japan', TO_DATE('01-06-1899','MM-DD-YYYY'));
INSERT INTO  F23_S003_T5_AUTHORS (AUTHORID, AUTHOR_NAME, GENDER, ETHNICITY, COUNTRY, DOB) VALUES ('A0075','Hitomi Kanehara','Female','South East Asian','Japan', TO_DATE('08-08-1983','MM-DD-YYYY'));
INSERT INTO  F23_S003_T5_AUTHORS (AUTHORID, AUTHOR_NAME, GENDER, ETHNICITY, COUNTRY, DOB) VALUES ('A0076','Ufuomaee','Female','African','Nigeria', TO_DATE('05-01-1984','MM-DD-YYYY'));
INSERT INTO  F23_S003_T5_AUTHORS (AUTHORID, AUTHOR_NAME, GENDER, ETHNICITY, COUNTRY, DOB) VALUES ('A0077','Feyi Aina','Female','African','Nigeria', TO_DATE('07-27-1989','MM-DD-YYYY'));
INSERT INTO  F23_S003_T5_AUTHORS (AUTHORID, AUTHOR_NAME, GENDER, ETHNICITY, COUNTRY, DOB) VALUES ('A0078','Aminatta Forna','Female','Scottish','Scotland', TO_DATE('01-02-1964','MM-DD-YYYY'));
INSERT INTO  F23_S003_T5_AUTHORS (AUTHORID, AUTHOR_NAME, GENDER, ETHNICITY, COUNTRY, DOB) VALUES ('A0079','Peace Adzo Medie','Female','African','Ghana', TO_DATE('10-07-1995','MM-DD-YYYY'));
INSERT INTO  F23_S003_T5_AUTHORS (AUTHORID, AUTHOR_NAME, GENDER, ETHNICITY, COUNTRY, DOB) VALUES ('A0080','Kiru Taye','Female','African','Nigeria', TO_DATE('04-14-1991','MM-DD-YYYY'));
INSERT INTO  F23_S003_T5_AUTHORS (AUTHORID, AUTHOR_NAME, GENDER, ETHNICITY, COUNTRY, DOB) VALUES ('A0081','Stephen King','Male','American','USA', TO_DATE('09-21-1947','MM-DD-YYYY'));
INSERT INTO  F23_S003_T5_AUTHORS (AUTHORID, AUTHOR_NAME, GENDER, ETHNICITY, COUNTRY, DOB) VALUES ('A0082','Bram Stoker','Male','Irish','Ireland', TO_DATE('08-11-1847','MM-DD-YYYY'));
INSERT INTO  F23_S003_T5_AUTHORS (AUTHORID, AUTHOR_NAME, GENDER, ETHNICITY, COUNTRY, DOB) VALUES ('A0083','Shirley Jackson','Female','American','USA', TO_DATE('03-12-1916','MM-DD-YYYY'));
INSERT INTO  F23_S003_T5_AUTHORS (AUTHORID, AUTHOR_NAME, GENDER, ETHNICITY, COUNTRY, DOB) VALUES ('A0084','Mary Shelly','Female','British(English)','England', TO_DATE('02-08-1797','MM-DD-YYYY'));
INSERT INTO  F23_S003_T5_AUTHORS (AUTHORID, AUTHOR_NAME, GENDER, ETHNICITY, COUNTRY, DOB) VALUES ('A0085','Oscar Wilde','Male','Irish','Ireland', TO_DATE('10-16-1854','MM-DD-YYYY'));
INSERT INTO  F23_S003_T5_AUTHORS (AUTHORID, AUTHOR_NAME, GENDER, ETHNICITY, COUNTRY, DOB) VALUES ('A0086','Guillermo Del Toro','Male','Mexican','Mexico', TO_DATE('09-10-1964','MM-DD-YYYY'));
INSERT INTO  F23_S003_T5_AUTHORS (AUTHORID, AUTHOR_NAME, GENDER, ETHNICITY, COUNTRY, DOB) VALUES ('A0087','Octavia E. Butler','Female','AfricanAmerican','USA', TO_DATE('06-22-1947','MM-DD-YYYY'));
INSERT INTO  F23_S003_T5_AUTHORS (AUTHORID, AUTHOR_NAME, GENDER, ETHNICITY, COUNTRY, DOB) VALUES ('A0088','Jewelle Gomez','Female','AfricanAmerican','USA', TO_DATE('11-09-1948','MM-DD-YYYY'));
INSERT INTO  F23_S003_T5_AUTHORS (AUTHORID, AUTHOR_NAME, GENDER, ETHNICITY, COUNTRY, DOB) VALUES ('A0089','Nalo Hopkinson','Female','Jamaican','Canada', TO_DATE('12-20-1960','MM-DD-YYYY'));
INSERT INTO  F23_S003_T5_AUTHORS (AUTHORID, AUTHOR_NAME, GENDER, ETHNICITY, COUNTRY, DOB) VALUES ('A0090','Victor Lavalle','Male','AfricanAmerican','USA', TO_DATE('03-03-1972','MM-DD-YYYY'));
INSERT INTO  F23_S003_T5_AUTHORS (AUTHORID, AUTHOR_NAME, GENDER, ETHNICITY, COUNTRY, DOB) VALUES ('A0091','Colson Whitehead','Male','AfricanAmerican','USA', TO_DATE('06-11-1969','MM-DD-YYYY'));
INSERT INTO  F23_S003_T5_AUTHORS (AUTHORID, AUTHOR_NAME, GENDER, ETHNICITY, COUNTRY, DOB) VALUES ('A0092','Hirohiko Araki ','Male','SouthEastAsian','Japan', TO_DATE('07-06-1960','MM-DD-YYYY'));
INSERT INTO  F23_S003_T5_AUTHORS (AUTHORID, AUTHOR_NAME, GENDER, ETHNICITY, COUNTRY, DOB) VALUES ('A0093','Guy Boothby','Male','Australian','Australia', TO_DATE('10-10-1867','MM-DD-YYYY'));
INSERT INTO  F23_S003_T5_AUTHORS (AUTHORID, AUTHOR_NAME, GENDER, ETHNICITY, COUNTRY, DOB) VALUES ('A0094','Walter Brandorff','Male','German','Germany', TO_DATE('07-27-1942','MM-DD-YYYY'));
INSERT INTO  F23_S003_T5_AUTHORS (AUTHORID, AUTHOR_NAME, GENDER, ETHNICITY, COUNTRY, DOB) VALUES ('A0095','Abelardo Castillo','Male','SouthAmerican','Argentina', TO_DATE('03-23-1935','MM-DD-YYYY'));
INSERT INTO  F23_S003_T5_AUTHORS (AUTHORID, AUTHOR_NAME, GENDER, ETHNICITY, COUNTRY, DOB) VALUES ('A0096','Geza Casath','Male','European','Hungary', TO_DATE('03-02-1886','MM-DD-YYYY'));
INSERT INTO  F23_S003_T5_AUTHORS (AUTHORID, AUTHOR_NAME, GENDER, ETHNICITY, COUNTRY, DOB) VALUES ('A0097','Marcelo Del Debbio','Male','SouthAmerican','Brazil', TO_DATE('09-09-1974','MM-DD-YYYY'));
INSERT INTO  F23_S003_T5_AUTHORS (AUTHORID, AUTHOR_NAME, GENDER, ETHNICITY, COUNTRY, DOB) VALUES ('A0098','Vernon Lee','Female','European','Italy', TO_DATE('01-10-1856','MM-DD-YYYY'));
INSERT INTO  F23_S003_T5_AUTHORS (AUTHORID, AUTHOR_NAME, GENDER, ETHNICITY, COUNTRY, DOB) VALUES ('A0099','John Lindqvist','Male','European','Sweden', TO_DATE('02-12-1970','MM-DD-YYYY'));
INSERT INTO  F23_S003_T5_AUTHORS (AUTHORID, AUTHOR_NAME, GENDER, ETHNICITY, COUNTRY, DOB) VALUES ('A0100','Julya Oui','Female','SouthAsian','Malaysia', TO_DATE('04-03-1984','MM-DD-YYYY'));

--Writes (author writes books) check

INSERT INTO F23_S003_T5_WRITES (BOOKID, AUTHORID) VALUES ('B0001', 'A0001');
INSERT INTO F23_S003_T5_WRITES (BOOKID, AUTHORID) VALUES ('B0002', 'A0002');
INSERT INTO F23_S003_T5_WRITES (BOOKID, AUTHORID) VALUES ('B0003', 'A0003');
INSERT INTO F23_S003_T5_WRITES (BOOKID, AUTHORID) VALUES ('B0004', 'A0004');
INSERT INTO F23_S003_T5_WRITES (BOOKID, AUTHORID) VALUES ('B0005', 'A0005');
INSERT INTO F23_S003_T5_WRITES (BOOKID, AUTHORID) VALUES ('B0006', 'A0006');
INSERT INTO F23_S003_T5_WRITES (BOOKID, AUTHORID) VALUES ('B0007', 'A0007');
INSERT INTO F23_S003_T5_WRITES (BOOKID, AUTHORID) VALUES ('B0008', 'A0008');
INSERT INTO F23_S003_T5_WRITES (BOOKID, AUTHORID) VALUES ('B0009', 'A0009');
INSERT INTO F23_S003_T5_WRITES (BOOKID, AUTHORID) VALUES ('B0010', 'A0010');
INSERT INTO F23_S003_T5_WRITES (BOOKID, AUTHORID) VALUES ('B0011', 'A0011');
INSERT INTO F23_S003_T5_WRITES (BOOKID, AUTHORID) VALUES ('B0012', 'A0012');
INSERT INTO F23_S003_T5_WRITES (BOOKID, AUTHORID) VALUES ('B0013', 'A0013');
INSERT INTO F23_S003_T5_WRITES (BOOKID, AUTHORID) VALUES ('B0014', 'A0014');
INSERT INTO F23_S003_T5_WRITES (BOOKID, AUTHORID) VALUES ('B0015', 'A0015');
INSERT INTO F23_S003_T5_WRITES (BOOKID, AUTHORID) VALUES ('B0016', 'A0016');
INSERT INTO F23_S003_T5_WRITES (BOOKID, AUTHORID) VALUES ('B0017', 'A0017');
INSERT INTO F23_S003_T5_WRITES (BOOKID, AUTHORID) VALUES ('B0018', 'A0018');
INSERT INTO F23_S003_T5_WRITES (BOOKID, AUTHORID) VALUES ('B0019', 'A0019');
INSERT INTO F23_S003_T5_WRITES (BOOKID, AUTHORID) VALUES ('B0020', 'A0020');
INSERT INTO F23_S003_T5_WRITES (BOOKID, AUTHORID) VALUES ('B0021', 'A0021');
INSERT INTO F23_S003_T5_WRITES (BOOKID, AUTHORID) VALUES ('B0022', 'A0022');
INSERT INTO F23_S003_T5_WRITES (BOOKID, AUTHORID) VALUES ('B0023', 'A0023');
INSERT INTO F23_S003_T5_WRITES (BOOKID, AUTHORID) VALUES ('B0024', 'A0024');
INSERT INTO F23_S003_T5_WRITES (BOOKID, AUTHORID) VALUES ('B0025', 'A0025');
INSERT INTO F23_S003_T5_WRITES (BOOKID, AUTHORID) VALUES ('B0026', 'A0026');
INSERT INTO F23_S003_T5_WRITES (BOOKID, AUTHORID) VALUES ('B0027', 'A0027');
INSERT INTO F23_S003_T5_WRITES (BOOKID, AUTHORID) VALUES ('B0028', 'A0028');
INSERT INTO F23_S003_T5_WRITES (BOOKID, AUTHORID) VALUES ('B0029', 'A0029');
INSERT INTO F23_S003_T5_WRITES (BOOKID, AUTHORID) VALUES ('B0030', 'A0030');
INSERT INTO F23_S003_T5_WRITES (BOOKID, AUTHORID) VALUES ('B0031', 'A0031');
INSERT INTO F23_S003_T5_WRITES (BOOKID, AUTHORID) VALUES ('B0032', 'A0032');
INSERT INTO F23_S003_T5_WRITES (BOOKID, AUTHORID) VALUES ('B0033', 'A0033');
INSERT INTO F23_S003_T5_WRITES (BOOKID, AUTHORID) VALUES ('B0034', 'A0034');
INSERT INTO F23_S003_T5_WRITES (BOOKID, AUTHORID) VALUES ('B0035', 'A0035');
INSERT INTO F23_S003_T5_WRITES (BOOKID, AUTHORID) VALUES ('B0036', 'A0036');
INSERT INTO F23_S003_T5_WRITES (BOOKID, AUTHORID) VALUES ('B0037', 'A0037');
INSERT INTO F23_S003_T5_WRITES (BOOKID, AUTHORID) VALUES ('B0038', 'A0038');
INSERT INTO F23_S003_T5_WRITES (BOOKID, AUTHORID) VALUES ('B0039', 'A0039');
INSERT INTO F23_S003_T5_WRITES (BOOKID, AUTHORID) VALUES ('B0040', 'A0040');
INSERT INTO F23_S003_T5_WRITES (BOOKID, AUTHORID) VALUES ('B0041', 'A0041');
INSERT INTO F23_S003_T5_WRITES (BOOKID, AUTHORID) VALUES ('B0042', 'A0042');
INSERT INTO F23_S003_T5_WRITES (BOOKID, AUTHORID) VALUES ('B0043', 'A0043');
INSERT INTO F23_S003_T5_WRITES (BOOKID, AUTHORID) VALUES ('B0044', 'A0044');
INSERT INTO F23_S003_T5_WRITES (BOOKID, AUTHORID) VALUES ('B0045', 'A0045');
INSERT INTO F23_S003_T5_WRITES (BOOKID, AUTHORID) VALUES ('B0046', 'A0046');
INSERT INTO F23_S003_T5_WRITES (BOOKID, AUTHORID) VALUES ('B0047', 'A0047');
INSERT INTO F23_S003_T5_WRITES (BOOKID, AUTHORID) VALUES ('B0048', 'A0048');
INSERT INTO F23_S003_T5_WRITES (BOOKID, AUTHORID) VALUES ('B0049', 'A0049');
INSERT INTO F23_S003_T5_WRITES (BOOKID, AUTHORID) VALUES ('B0050', 'A0050');
INSERT INTO F23_S003_T5_WRITES (BOOKID, AUTHORID) VALUES ('B0051', 'A0051');
INSERT INTO F23_S003_T5_WRITES (BOOKID, AUTHORID) VALUES ('B0052', 'A0052');
INSERT INTO F23_S003_T5_WRITES (BOOKID, AUTHORID) VALUES ('B0053', 'A0053');
INSERT INTO F23_S003_T5_WRITES (BOOKID, AUTHORID) VALUES ('B0054', 'A0054');
INSERT INTO F23_S003_T5_WRITES (BOOKID, AUTHORID) VALUES ('B0055', 'A0055');
INSERT INTO F23_S003_T5_WRITES (BOOKID, AUTHORID) VALUES ('B0056', 'A0056');
INSERT INTO F23_S003_T5_WRITES (BOOKID, AUTHORID) VALUES ('B0057', 'A0057');
INSERT INTO F23_S003_T5_WRITES (BOOKID, AUTHORID) VALUES ('B0058', 'A0058');
INSERT INTO F23_S003_T5_WRITES (BOOKID, AUTHORID) VALUES ('B0059', 'A0059');
INSERT INTO F23_S003_T5_WRITES (BOOKID, AUTHORID) VALUES ('B0060', 'A0060');
INSERT INTO F23_S003_T5_WRITES (BOOKID, AUTHORID) VALUES ('B0061', 'A0061');
INSERT INTO F23_S003_T5_WRITES (BOOKID, AUTHORID) VALUES ('B0062', 'A0062');
INSERT INTO F23_S003_T5_WRITES (BOOKID, AUTHORID) VALUES ('B0063', 'A0063');
INSERT INTO F23_S003_T5_WRITES (BOOKID, AUTHORID) VALUES ('B0064', 'A0064');
INSERT INTO F23_S003_T5_WRITES (BOOKID, AUTHORID) VALUES ('B0065', 'A0065');
INSERT INTO F23_S003_T5_WRITES (BOOKID, AUTHORID) VALUES ('B0066', 'A0066');
INSERT INTO F23_S003_T5_WRITES (BOOKID, AUTHORID) VALUES ('B0067', 'A0067');
INSERT INTO F23_S003_T5_WRITES (BOOKID, AUTHORID) VALUES ('B0068', 'A0068');
INSERT INTO F23_S003_T5_WRITES (BOOKID, AUTHORID) VALUES ('B0069', 'A0069');
INSERT INTO F23_S003_T5_WRITES (BOOKID, AUTHORID) VALUES ('B0070', 'A0070');
INSERT INTO F23_S003_T5_WRITES (BOOKID, AUTHORID) VALUES ('B0071', 'A0071');
INSERT INTO F23_S003_T5_WRITES (BOOKID, AUTHORID) VALUES ('B0072', 'A0072');
INSERT INTO F23_S003_T5_WRITES (BOOKID, AUTHORID) VALUES ('B0073', 'A0073');
INSERT INTO F23_S003_T5_WRITES (BOOKID, AUTHORID) VALUES ('B0074', 'A0074');
INSERT INTO F23_S003_T5_WRITES (BOOKID, AUTHORID) VALUES ('B0075', 'A0075');
INSERT INTO F23_S003_T5_WRITES (BOOKID, AUTHORID) VALUES ('B0076', 'A0076');
INSERT INTO F23_S003_T5_WRITES (BOOKID, AUTHORID) VALUES ('B0077', 'A0077');
INSERT INTO F23_S003_T5_WRITES (BOOKID, AUTHORID) VALUES ('B0078', 'A0078');
INSERT INTO F23_S003_T5_WRITES (BOOKID, AUTHORID) VALUES ('B0079', 'A0079');
INSERT INTO F23_S003_T5_WRITES (BOOKID, AUTHORID) VALUES ('B0080', 'A0080');
INSERT INTO F23_S003_T5_WRITES (BOOKID, AUTHORID) VALUES ('B0081', 'A0081');
INSERT INTO F23_S003_T5_WRITES (BOOKID, AUTHORID) VALUES ('B0082', 'A0082');
INSERT INTO F23_S003_T5_WRITES (BOOKID, AUTHORID) VALUES ('B0083', 'A0083');
INSERT INTO F23_S003_T5_WRITES (BOOKID, AUTHORID) VALUES ('B0084', 'A0084');
INSERT INTO F23_S003_T5_WRITES (BOOKID, AUTHORID) VALUES ('B0085', 'A0085');
INSERT INTO F23_S003_T5_WRITES (BOOKID, AUTHORID) VALUES ('B0086', 'A0086');
INSERT INTO F23_S003_T5_WRITES (BOOKID, AUTHORID) VALUES ('B0087', 'A0087');
INSERT INTO F23_S003_T5_WRITES (BOOKID, AUTHORID) VALUES ('B0088', 'A0088');
INSERT INTO F23_S003_T5_WRITES (BOOKID, AUTHORID) VALUES ('B0089', 'A0089');
INSERT INTO F23_S003_T5_WRITES (BOOKID, AUTHORID) VALUES ('B0090', 'A0090');
INSERT INTO F23_S003_T5_WRITES (BOOKID, AUTHORID) VALUES ('B0091', 'A0091');
INSERT INTO F23_S003_T5_WRITES (BOOKID, AUTHORID) VALUES ('B0092', 'A0092');
INSERT INTO F23_S003_T5_WRITES (BOOKID, AUTHORID) VALUES ('B0093', 'A0093');
INSERT INTO F23_S003_T5_WRITES (BOOKID, AUTHORID) VALUES ('B0094', 'A0094');
INSERT INTO F23_S003_T5_WRITES (BOOKID, AUTHORID) VALUES ('B0095', 'A0095');
INSERT INTO F23_S003_T5_WRITES (BOOKID, AUTHORID) VALUES ('B0096', 'A0096');
INSERT INTO F23_S003_T5_WRITES (BOOKID, AUTHORID) VALUES ('B0097', 'A0097');
INSERT INTO F23_S003_T5_WRITES (BOOKID, AUTHORID) VALUES ('B0098', 'A0098');
INSERT INTO F23_S003_T5_WRITES (BOOKID, AUTHORID) VALUES ('B0099', 'A0099');
INSERT INTO F23_S003_T5_WRITES (BOOKID, AUTHORID) VALUES ('B0100', 'A0100');

--PUBLISHER check

INSERT INTO F23_S003_T5_PUBLISHER (PUBLISHERID, PUBLISHER_NAME, LOCATION) VALUES ('P0001', 'Scholastic Inc.', 'USA');
INSERT INTO F23_S003_T5_PUBLISHER (PUBLISHERID, PUBLISHER_NAME, LOCATION) VALUES ('P0002', 'Crown', 'England');
INSERT INTO F23_S003_T5_PUBLISHER (PUBLISHERID, PUBLISHER_NAME, LOCATION) VALUES ('P0003', 'Houghton Mifflin Harcourt', 'England');
INSERT INTO F23_S003_T5_PUBLISHER (PUBLISHERID, PUBLISHER_NAME, LOCATION) VALUES ('P0004', 'Putnam', 'England');
INSERT INTO F23_S003_T5_PUBLISHER (PUBLISHERID, PUBLISHER_NAME, LOCATION) VALUES ('P0005', 'Square fish', 'USA');
INSERT INTO F23_S003_T5_PUBLISHER (PUBLISHERID, PUBLISHER_NAME, LOCATION) VALUES ('P0006', 'Kingfisher', 'England');
INSERT INTO F23_S003_T5_PUBLISHER (PUBLISHERID, PUBLISHER_NAME, LOCATION) VALUES ('P0007', 'Little, Brown and Company', 'England');
INSERT INTO F23_S003_T5_PUBLISHER (PUBLISHERID, PUBLISHER_NAME, LOCATION) VALUES ('P0008', 'Disney Hyperion', 'USA');
INSERT INTO F23_S003_T5_PUBLISHER (PUBLISHERID, PUBLISHER_NAME, LOCATION) VALUES ('P0009', 'Bantam', 'England');
INSERT INTO F23_S003_T5_PUBLISHER (PUBLISHERID, PUBLISHER_NAME, LOCATION) VALUES ('P0010', 'Katherin Tegen Books', 'England');
INSERT INTO F23_S003_T5_PUBLISHER (PUBLISHERID, PUBLISHER_NAME, LOCATION) VALUES ('P0011', 'Penguin', 'India');
INSERT INTO F23_S003_T5_PUBLISHER (PUBLISHERID, PUBLISHER_NAME, LOCATION) VALUES ('P0012', 'Quirk', 'USA');
INSERT INTO F23_S003_T5_PUBLISHER (PUBLISHERID, PUBLISHER_NAME, LOCATION) VALUES ('P0013', 'Signet', 'India');
INSERT INTO F23_S003_T5_PUBLISHER (PUBLISHERID, PUBLISHER_NAME, LOCATION) VALUES ('P0014', 'Delacorte Press', 'USA');
INSERT INTO F23_S003_T5_PUBLISHER (PUBLISHERID, PUBLISHER_NAME, LOCATION) VALUES ('P0015', 'Knopf', 'India');
INSERT INTO F23_S003_T5_PUBLISHER (PUBLISHERID, PUBLISHER_NAME, LOCATION) VALUES ('P0016', 'Clarion', 'India');
INSERT INTO F23_S003_T5_PUBLISHER (PUBLISHERID, PUBLISHER_NAME, LOCATION) VALUES ('P0017', 'HarperCollins', 'England');
INSERT INTO F23_S003_T5_PUBLISHER (PUBLISHERID, PUBLISHER_NAME, LOCATION) VALUES ('P0018', 'Eos', 'USA');
INSERT INTO F23_S003_T5_PUBLISHER (PUBLISHERID, PUBLISHER_NAME, LOCATION) VALUES ('P0019', 'SquareFish', 'India');
INSERT INTO F23_S003_T5_PUBLISHER (PUBLISHERID, PUBLISHER_NAME, LOCATION) VALUES ('P0020', 'Tokyopop', 'Japan');
INSERT INTO F23_S003_T5_PUBLISHER (PUBLISHERID, PUBLISHER_NAME, LOCATION) VALUES ('P0021', 'Tor', 'Japan');
INSERT INTO F23_S003_T5_PUBLISHER (PUBLISHERID, PUBLISHER_NAME, LOCATION) VALUES ('P0022', 'Dover', 'England');
INSERT INTO F23_S003_T5_PUBLISHER (PUBLISHERID, PUBLISHER_NAME, LOCATION) VALUES ('P0023', 'St. Martin Griffin', 'USA');
INSERT INTO F23_S003_T5_PUBLISHER (PUBLISHERID, PUBLISHER_NAME, LOCATION) VALUES ('P0024', 'Vintage', 'England');
INSERT INTO F23_S003_T5_PUBLISHER (PUBLISHERID, PUBLISHER_NAME, LOCATION) VALUES ('P0025', 'Seawolf', 'Canada');
INSERT INTO F23_S003_T5_PUBLISHER (PUBLISHERID, PUBLISHER_NAME, LOCATION) VALUES ('P0026', 'Everyman Library', 'India');
INSERT INTO F23_S003_T5_PUBLISHER (PUBLISHERID, PUBLISHER_NAME, LOCATION) VALUES ('P0027', 'Black Lizard', 'Canada');
INSERT INTO F23_S003_T5_PUBLISHER (PUBLISHERID, PUBLISHER_NAME, LOCATION) VALUES ('P0028', 'Walter books', 'USA');
INSERT INTO F23_S003_T5_PUBLISHER (PUBLISHERID, PUBLISHER_NAME, LOCATION) VALUES ('P0029', 'Minotaur Books', 'England');
INSERT INTO F23_S003_T5_PUBLISHER (PUBLISHERID, PUBLISHER_NAME, LOCATION) VALUES ('P0030', 'Doubleday', 'France');
INSERT INTO F23_S003_T5_PUBLISHER (PUBLISHERID, PUBLISHER_NAME, LOCATION) VALUES ('P0031', 'Viking', 'Canada');
INSERT INTO F23_S003_T5_PUBLISHER (PUBLISHERID, PUBLISHER_NAME, LOCATION) VALUES ('P0032', 'Naval Institue Press', 'India');
INSERT INTO F23_S003_T5_PUBLISHER (PUBLISHERID, PUBLISHER_NAME, LOCATION) VALUES ('P0033', 'Delta', 'USA');
INSERT INTO F23_S003_T5_PUBLISHER (PUBLISHERID, PUBLISHER_NAME, LOCATION) VALUES ('P0034', 'Toby Press', 'England');
INSERT INTO F23_S003_T5_PUBLISHER (PUBLISHERID, PUBLISHER_NAME, LOCATION) VALUES ('P0035', 'Soho Crime', 'India');
INSERT INTO F23_S003_T5_PUBLISHER (PUBLISHERID, PUBLISHER_NAME, LOCATION) VALUES ('P0036', 'Free press', 'USA');
INSERT INTO F23_S003_T5_PUBLISHER (PUBLISHERID, PUBLISHER_NAME, LOCATION) VALUES ('P0037', 'Picador', 'Canada');
INSERT INTO F23_S003_T5_PUBLISHER (PUBLISHERID, PUBLISHER_NAME, LOCATION) VALUES ('P0038', 'Riverhead', 'USA');
INSERT INTO F23_S003_T5_PUBLISHER (PUBLISHERID, PUBLISHER_NAME, LOCATION) VALUES ('P0039', 'Ballantine', 'France');
INSERT INTO F23_S003_T5_PUBLISHER (PUBLISHERID, PUBLISHER_NAME, LOCATION) VALUES ('P0040', 'G. P. Putnam Sons', 'England');
INSERT INTO F23_S003_T5_PUBLISHER (PUBLISHERID, PUBLISHER_NAME, LOCATION) VALUES ('P0041', 'Harville Secker', 'England');
INSERT INTO F23_S003_T5_PUBLISHER (PUBLISHERID, PUBLISHER_NAME, LOCATION) VALUES ('P0042', 'Random House', 'England');
INSERT INTO F23_S003_T5_PUBLISHER (PUBLISHERID, PUBLISHER_NAME, LOCATION) VALUES ('P0043', 'Hassell Street Press', 'USA');



--Publisher_languages check

INSERT INTO F23_S003_T5_PUBLISHER_LANGUAGE(PUBLISHERID, LANGUAGE) VALUES ('P0001', 'English');
INSERT INTO F23_S003_T5_PUBLISHER_LANGUAGE(PUBLISHERID, LANGUAGE) VALUES ('P0002', 'English');
INSERT INTO F23_S003_T5_PUBLISHER_LANGUAGE(PUBLISHERID, LANGUAGE) VALUES ('P0003', 'English');
INSERT INTO F23_S003_T5_PUBLISHER_LANGUAGE(PUBLISHERID, LANGUAGE) VALUES ('P0004', 'English');
INSERT INTO F23_S003_T5_PUBLISHER_LANGUAGE(PUBLISHERID, LANGUAGE) VALUES ('P0005', 'English');
INSERT INTO F23_S003_T5_PUBLISHER_LANGUAGE(PUBLISHERID, LANGUAGE) VALUES ('P0006', 'English');
INSERT INTO F23_S003_T5_PUBLISHER_LANGUAGE(PUBLISHERID, LANGUAGE) VALUES ('P0007', 'English');
INSERT INTO F23_S003_T5_PUBLISHER_LANGUAGE(PUBLISHERID, LANGUAGE) VALUES ('P0008', 'English');
INSERT INTO F23_S003_T5_PUBLISHER_LANGUAGE(PUBLISHERID, LANGUAGE) VALUES ('P0009', 'English');
INSERT INTO F23_S003_T5_PUBLISHER_LANGUAGE(PUBLISHERID, LANGUAGE) VALUES ('P0010', 'English');
INSERT INTO F23_S003_T5_PUBLISHER_LANGUAGE(PUBLISHERID, LANGUAGE) VALUES ('P0011', 'English');
INSERT INTO F23_S003_T5_PUBLISHER_LANGUAGE(PUBLISHERID, LANGUAGE) VALUES ('P0012', 'English');
INSERT INTO F23_S003_T5_PUBLISHER_LANGUAGE(PUBLISHERID, LANGUAGE) VALUES ('P0013', 'English');
INSERT INTO F23_S003_T5_PUBLISHER_LANGUAGE(PUBLISHERID, LANGUAGE) VALUES ('P0014', 'English');
INSERT INTO F23_S003_T5_PUBLISHER_LANGUAGE(PUBLISHERID, LANGUAGE) VALUES ('P0015', 'English,Hindi');
INSERT INTO F23_S003_T5_PUBLISHER_LANGUAGE(PUBLISHERID, LANGUAGE) VALUES ('P0016', 'English,Hindi');
INSERT INTO F23_S003_T5_PUBLISHER_LANGUAGE(PUBLISHERID, LANGUAGE) VALUES  ('P0017', 'English');
INSERT INTO F23_S003_T5_PUBLISHER_LANGUAGE(PUBLISHERID, LANGUAGE) VALUES ('P0018', 'English');
INSERT INTO F23_S003_T5_PUBLISHER_LANGUAGE(PUBLISHERID, LANGUAGE) VALUES ('P0019', 'English,Hindi');
INSERT INTO F23_S003_T5_PUBLISHER_LANGUAGE(PUBLISHERID, LANGUAGE) VALUES ('P0020', 'Japanese,English');
INSERT INTO F23_S003_T5_PUBLISHER_LANGUAGE(PUBLISHERID, LANGUAGE) VALUES ('P0021', 'Japanese,English');
INSERT INTO F23_S003_T5_PUBLISHER_LANGUAGE(PUBLISHERID, LANGUAGE) VALUES ('P0022', 'English');
INSERT INTO F23_S003_T5_PUBLISHER_LANGUAGE(PUBLISHERID, LANGUAGE) VALUES ('P0023', 'English');
INSERT INTO F23_S003_T5_PUBLISHER_LANGUAGE(PUBLISHERID, LANGUAGE) VALUES ('P0024', 'English');
INSERT INTO F23_S003_T5_PUBLISHER_LANGUAGE(PUBLISHERID, LANGUAGE) VALUES ('P0025', 'English,French');
INSERT INTO F23_S003_T5_PUBLISHER_LANGUAGE(PUBLISHERID, LANGUAGE) VALUES ('P0026', 'English,Hindi');
INSERT INTO F23_S003_T5_PUBLISHER_LANGUAGE(PUBLISHERID, LANGUAGE) VALUES ('P0027', 'English,French');
INSERT INTO F23_S003_T5_PUBLISHER_LANGUAGE(PUBLISHERID, LANGUAGE) VALUES ('P0028', 'English');
INSERT INTO F23_S003_T5_PUBLISHER_LANGUAGE(PUBLISHERID, LANGUAGE) VALUES ('P0029', 'English');
INSERT INTO F23_S003_T5_PUBLISHER_LANGUAGE(PUBLISHERID, LANGUAGE) VALUES ('P0030', 'English,French');
INSERT INTO F23_S003_T5_PUBLISHER_LANGUAGE(PUBLISHERID, LANGUAGE) VALUES ('P0031', 'English,French');
INSERT INTO F23_S003_T5_PUBLISHER_LANGUAGE(PUBLISHERID, LANGUAGE) VALUES ('P0032', 'English,Hindi');
INSERT INTO F23_S003_T5_PUBLISHER_LANGUAGE(PUBLISHERID, LANGUAGE) VALUES ('P0033', 'English');
INSERT INTO F23_S003_T5_PUBLISHER_LANGUAGE(PUBLISHERID, LANGUAGE) VALUES ('P0034', 'English');
INSERT INTO F23_S003_T5_PUBLISHER_LANGUAGE(PUBLISHERID, LANGUAGE) VALUES ('P0035', 'English,Hindi');
INSERT INTO F23_S003_T5_PUBLISHER_LANGUAGE(PUBLISHERID, LANGUAGE) VALUES ('P0036', 'English');
INSERT INTO F23_S003_T5_PUBLISHER_LANGUAGE(PUBLISHERID, LANGUAGE) VALUES ('P0037', 'English,French');
INSERT INTO F23_S003_T5_PUBLISHER_LANGUAGE(PUBLISHERID, LANGUAGE) VALUES ('P0038', 'English');
INSERT INTO F23_S003_T5_PUBLISHER_LANGUAGE(PUBLISHERID, LANGUAGE) VALUES ('P0039', 'English,French');
INSERT INTO F23_S003_T5_PUBLISHER_LANGUAGE(PUBLISHERID, LANGUAGE) VALUES ('P0040', 'English');
INSERT INTO F23_S003_T5_PUBLISHER_LANGUAGE(PUBLISHERID, LANGUAGE) VALUES ('P0041', 'English');
INSERT INTO F23_S003_T5_PUBLISHER_LANGUAGE(PUBLISHERID, LANGUAGE) VALUES ('P0042', 'English');
INSERT INTO F23_S003_T5_PUBLISHER_LANGUAGE(PUBLISHERID, LANGUAGE) VALUES ('P0043', 'English');

--Publisher_genres check

INSERT INTO F23_S003_T5_PUBLISHER_GENRES(PUBLISHERID,  GENRE) VALUES ('P0001', 'Romance, Thriller, Fantasy');
INSERT INTO F23_S003_T5_PUBLISHER_GENRES(PUBLISHERID,  GENRE) VALUES ('P0002', 'Fantasy, Romance');
INSERT INTO F23_S003_T5_PUBLISHER_GENRES(PUBLISHERID,  GENRE) VALUES ('P0003', 'Thriller, Fantasy, Horror');
INSERT INTO F23_S003_T5_PUBLISHER_GENRES(PUBLISHERID,  GENRE) VALUES ('P0004', 'Thriller, Fantasy, Horror');
INSERT INTO F23_S003_T5_PUBLISHER_GENRES(PUBLISHERID,  GENRE) VALUES ('P0005', 'Thriller, Fantasy, Horror');
INSERT INTO F23_S003_T5_PUBLISHER_GENRES(PUBLISHERID,  GENRE) VALUES ('P0006', 'Thriller, Fantasy, Horror');
INSERT INTO F23_S003_T5_PUBLISHER_GENRES(PUBLISHERID,  GENRE) VALUES ('P0007', 'Romance, Thriller, Fantasy');
INSERT INTO F23_S003_T5_PUBLISHER_GENRES(PUBLISHERID,  GENRE) VALUES ('P0008', 'Romance, Thriller, Fantasy');
INSERT INTO F23_S003_T5_PUBLISHER_GENRES(PUBLISHERID,  GENRE) VALUES ('P0009', 'Romance, Thriller, Fantasy');
INSERT INTO F23_S003_T5_PUBLISHER_GENRES(PUBLISHERID,  GENRE) VALUES ('P0010', 'Romance, Thriller, Fantasy');
INSERT INTO F23_S003_T5_PUBLISHER_GENRES(PUBLISHERID,  GENRE) VALUES ('P0011', 'Romance');
INSERT INTO F23_S003_T5_PUBLISHER_GENRES(PUBLISHERID,  GENRE) VALUES ('P0012', 'Thriller, Fantasy');
INSERT INTO F23_S003_T5_PUBLISHER_GENRES(PUBLISHERID,  GENRE) VALUES ('P0013', 'Fantasy, Romance');
INSERT INTO F23_S003_T5_PUBLISHER_GENRES(PUBLISHERID,  GENRE) VALUES ('P0014', 'Fantasy, Romance');
INSERT INTO F23_S003_T5_PUBLISHER_GENRES(PUBLISHERID,  GENRE) VALUES ('P0015', 'Thriller, Horror');
INSERT INTO F23_S003_T5_PUBLISHER_GENRES(PUBLISHERID,  GENRE) VALUES ('P0016', 'Thriller, Horror');
INSERT INTO F23_S003_T5_PUBLISHER_GENRES(PUBLISHERID,  GENRE) VALUES ('P0017', 'Thriller, Horror');
INSERT INTO F23_S003_T5_PUBLISHER_GENRES(PUBLISHERID,  GENRE) VALUES ('P0018', 'Thriller, Fantasy');
INSERT INTO F23_S003_T5_PUBLISHER_GENRES(PUBLISHERID,  GENRE) VALUES ('P0019', 'Thriller, Fantasy');
INSERT INTO F23_S003_T5_PUBLISHER_GENRES(PUBLISHERID,  GENRE) VALUES ('P0020', 'Thriller, Fantasy');
INSERT INTO F23_S003_T5_PUBLISHER_GENRES(PUBLISHERID,  GENRE) VALUES ('P0021', 'Fantasy, Romance');
INSERT INTO F23_S003_T5_PUBLISHER_GENRES(PUBLISHERID,  GENRE) VALUES ('P0022', 'Thriller, Fantasy, Horror');
INSERT INTO F23_S003_T5_PUBLISHER_GENRES(PUBLISHERID,  GENRE) VALUES ('P0023', 'Thriller, Fantasy, Horror');
INSERT INTO F23_S003_T5_PUBLISHER_GENRES(PUBLISHERID,  GENRE) VALUES ('P0024', 'Thriller, Fantasy, Horror');
INSERT INTO F23_S003_T5_PUBLISHER_GENRES(PUBLISHERID,  GENRE) VALUES ('P0025', 'Fantasy, Romance');
INSERT INTO F23_S003_T5_PUBLISHER_GENRES(PUBLISHERID,  GENRE) VALUES ('P0026', 'Romance, Thriller, Fantasy');
INSERT INTO F23_S003_T5_PUBLISHER_GENRES(PUBLISHERID,  GENRE) VALUES ('P0027', 'Romance, Thriller, Fantasy');
INSERT INTO F23_S003_T5_PUBLISHER_GENRES(PUBLISHERID,  GENRE) VALUES ('P0028', 'Romance, Thriller, Fantasy');
INSERT INTO F23_S003_T5_PUBLISHER_GENRES(PUBLISHERID,  GENRE) VALUES ('P0029', 'Romance, Thriller, Fantasy');
INSERT INTO F23_S003_T5_PUBLISHER_GENRES(PUBLISHERID,  GENRE) VALUES ('P0030', 'Romance, Fantasy');
INSERT INTO F23_S003_T5_PUBLISHER_GENRES(PUBLISHERID,  GENRE) VALUES ('P0031', 'Romance, Fantasy');
INSERT INTO F23_S003_T5_PUBLISHER_GENRES(PUBLISHERID,  GENRE) VALUES ('P0032', 'Romance, Fantasy');
INSERT INTO F23_S003_T5_PUBLISHER_GENRES(PUBLISHERID,  GENRE) VALUES ('P0033', 'Fantasy, Romance');
INSERT INTO F23_S003_T5_PUBLISHER_GENRES(PUBLISHERID,  GENRE) VALUES ('P0034', 'Romance, Fantasy');
INSERT INTO F23_S003_T5_PUBLISHER_GENRES(PUBLISHERID,  GENRE) VALUES ('P0035', 'Thriller, Horror');
INSERT INTO F23_S003_T5_PUBLISHER_GENRES(PUBLISHERID,  GENRE) VALUES ('P0036', 'Thriller, Horror');
INSERT INTO F23_S003_T5_PUBLISHER_GENRES(PUBLISHERID,  GENRE) VALUES ('P0037', 'Thriller, Horror');
INSERT INTO F23_S003_T5_PUBLISHER_GENRES(PUBLISHERID,  GENRE) VALUES ('P0038', 'Romance, Fantasy');
INSERT INTO F23_S003_T5_PUBLISHER_GENRES(PUBLISHERID,  GENRE) VALUES ('P0039', 'Romance');
INSERT INTO F23_S003_T5_PUBLISHER_GENRES(PUBLISHERID,  GENRE) VALUES ('P0040', 'Fantasy, Romance');
INSERT INTO F23_S003_T5_PUBLISHER_GENRES(PUBLISHERID,  GENRE) VALUES ('P0041', 'Thriller, Fantasy, Horror');
INSERT INTO F23_S003_T5_PUBLISHER_GENRES(PUBLISHERID,  GENRE) VALUES ('P0042', 'Thriller, Horror');
INSERT INTO F23_S003_T5_PUBLISHER_GENRES(PUBLISHERID,  GENRE) VALUES ('P0043', 'Romance, Thriller, Fantasy');

--PUBLISHED BY check


INSERT INTO F23_S003_T5_PUBLISHED_BY (PUBLISHERID, AUTHORID) VALUES ('P0001', 'A0001');
INSERT INTO F23_S003_T5_PUBLISHED_BY (PUBLISHERID, AUTHORID) VALUES ('P0002', 'A0002');
INSERT INTO F23_S003_T5_PUBLISHED_BY (PUBLISHERID, AUTHORID) VALUES ('P0003', 'A0003');
INSERT INTO F23_S003_T5_PUBLISHED_BY (PUBLISHERID, AUTHORID) VALUES ('P0004', 'A0004');
INSERT INTO F23_S003_T5_PUBLISHED_BY (PUBLISHERID, AUTHORID) VALUES ('P0005', 'A0005');
INSERT INTO F23_S003_T5_PUBLISHED_BY (PUBLISHERID, AUTHORID) VALUES ('P0006', 'A0006');
INSERT INTO F23_S003_T5_PUBLISHED_BY (PUBLISHERID, AUTHORID) VALUES ('P0007', 'A0007');
INSERT INTO F23_S003_T5_PUBLISHED_BY (PUBLISHERID, AUTHORID) VALUES ('P0008', 'A0008');
INSERT INTO F23_S003_T5_PUBLISHED_BY (PUBLISHERID, AUTHORID) VALUES ('P0009', 'A0009');
INSERT INTO F23_S003_T5_PUBLISHED_BY (PUBLISHERID, AUTHORID) VALUES ('P0010', 'A0010');
INSERT INTO F23_S003_T5_PUBLISHED_BY (PUBLISHERID, AUTHORID) VALUES ('P0011', 'A0011');
INSERT INTO F23_S003_T5_PUBLISHED_BY (PUBLISHERID, AUTHORID) VALUES ('P0012', 'A0012');
INSERT INTO F23_S003_T5_PUBLISHED_BY (PUBLISHERID, AUTHORID) VALUES ('P0013', 'A0013');
INSERT INTO F23_S003_T5_PUBLISHED_BY (PUBLISHERID, AUTHORID) VALUES ('P0014', 'A0014');
INSERT INTO F23_S003_T5_PUBLISHED_BY (PUBLISHERID, AUTHORID) VALUES ('P0015', 'A0015');
INSERT INTO F23_S003_T5_PUBLISHED_BY (PUBLISHERID, AUTHORID) VALUES ('P0016', 'A0016');
INSERT INTO F23_S003_T5_PUBLISHED_BY (PUBLISHERID, AUTHORID) VALUES ('P0017', 'A0017');
INSERT INTO F23_S003_T5_PUBLISHED_BY (PUBLISHERID, AUTHORID) VALUES ('P0018', 'A0018');
INSERT INTO F23_S003_T5_PUBLISHED_BY (PUBLISHERID, AUTHORID) VALUES ('P0019', 'A0019');
INSERT INTO F23_S003_T5_PUBLISHED_BY (PUBLISHERID, AUTHORID) VALUES ('P0020', 'A0020');
INSERT INTO F23_S003_T5_PUBLISHED_BY (PUBLISHERID, AUTHORID) VALUES ('P0021', 'A0021');
INSERT INTO F23_S003_T5_PUBLISHED_BY (PUBLISHERID, AUTHORID) VALUES ('P0022', 'A0022');
INSERT INTO F23_S003_T5_PUBLISHED_BY (PUBLISHERID, AUTHORID) VALUES ('P0023', 'A0023');
INSERT INTO F23_S003_T5_PUBLISHED_BY (PUBLISHERID, AUTHORID) VALUES ('P0024', 'A0024');
INSERT INTO F23_S003_T5_PUBLISHED_BY (PUBLISHERID, AUTHORID) VALUES ('P0025', 'A0025');
INSERT INTO F23_S003_T5_PUBLISHED_BY (PUBLISHERID, AUTHORID) VALUES ('P0026', 'A0026');
INSERT INTO F23_S003_T5_PUBLISHED_BY (PUBLISHERID, AUTHORID) VALUES ('P0027', 'A0027');
INSERT INTO F23_S003_T5_PUBLISHED_BY (PUBLISHERID, AUTHORID) VALUES ('P0028', 'A0028');
INSERT INTO F23_S003_T5_PUBLISHED_BY (PUBLISHERID, AUTHORID) VALUES ('P0029', 'A0029');
INSERT INTO F23_S003_T5_PUBLISHED_BY (PUBLISHERID, AUTHORID) VALUES ('P0030', 'A0030');
INSERT INTO F23_S003_T5_PUBLISHED_BY (PUBLISHERID, AUTHORID) VALUES ('P0031', 'A0031');
INSERT INTO F23_S003_T5_PUBLISHED_BY (PUBLISHERID, AUTHORID) VALUES ('P0032', 'A0032');
INSERT INTO F23_S003_T5_PUBLISHED_BY (PUBLISHERID, AUTHORID) VALUES ('P0033', 'A0033');
INSERT INTO F23_S003_T5_PUBLISHED_BY (PUBLISHERID, AUTHORID) VALUES ('P0034', 'A0034');
INSERT INTO F23_S003_T5_PUBLISHED_BY (PUBLISHERID, AUTHORID) VALUES ('P0035', 'A0035');
INSERT INTO F23_S003_T5_PUBLISHED_BY (PUBLISHERID, AUTHORID) VALUES ('P0036', 'A0036');
INSERT INTO F23_S003_T5_PUBLISHED_BY (PUBLISHERID, AUTHORID) VALUES ('P0037', 'A0037');
INSERT INTO F23_S003_T5_PUBLISHED_BY (PUBLISHERID, AUTHORID) VALUES ('P0038', 'A0038');
INSERT INTO F23_S003_T5_PUBLISHED_BY (PUBLISHERID, AUTHORID) VALUES ('P0039', 'A0039');
INSERT INTO F23_S003_T5_PUBLISHED_BY (PUBLISHERID, AUTHORID) VALUES ('P0040', 'A0040');
INSERT INTO F23_S003_T5_PUBLISHED_BY (PUBLISHERID, AUTHORID) VALUES ('P0041', 'A0041');
INSERT INTO F23_S003_T5_PUBLISHED_BY (PUBLISHERID, AUTHORID) VALUES ('P0042', 'A0042');
INSERT INTO F23_S003_T5_PUBLISHED_BY (PUBLISHERID, AUTHORID) VALUES ('P0043', 'A0043');
INSERT INTO F23_S003_T5_PUBLISHED_BY (PUBLISHERID, AUTHORID) VALUES ('P0020', 'A0044');
INSERT INTO F23_S003_T5_PUBLISHED_BY (PUBLISHERID, AUTHORID) VALUES ('P0021', 'A0045');
INSERT INTO F23_S003_T5_PUBLISHED_BY (PUBLISHERID, AUTHORID) VALUES ('P0022', 'A0046');
INSERT INTO F23_S003_T5_PUBLISHED_BY (PUBLISHERID, AUTHORID) VALUES ('P0023', 'A0047');
INSERT INTO F23_S003_T5_PUBLISHED_BY (PUBLISHERID, AUTHORID) VALUES ('P0024', 'A0048');
INSERT INTO F23_S003_T5_PUBLISHED_BY (PUBLISHERID, AUTHORID) VALUES ('P0025', 'A0049');
INSERT INTO F23_S003_T5_PUBLISHED_BY (PUBLISHERID, AUTHORID) VALUES ('P0026', 'A0050');
INSERT INTO F23_S003_T5_PUBLISHED_BY (PUBLISHERID, AUTHORID) VALUES ('P0027', 'A0051');
INSERT INTO F23_S003_T5_PUBLISHED_BY (PUBLISHERID, AUTHORID) VALUES ('P0028', 'A0052');
INSERT INTO F23_S003_T5_PUBLISHED_BY (PUBLISHERID, AUTHORID) VALUES ('P0029', 'A0053');
INSERT INTO F23_S003_T5_PUBLISHED_BY (PUBLISHERID, AUTHORID) VALUES ('P0030', 'A0054');
INSERT INTO F23_S003_T5_PUBLISHED_BY (PUBLISHERID, AUTHORID) VALUES ('P0031', 'A0055');
INSERT INTO F23_S003_T5_PUBLISHED_BY (PUBLISHERID, AUTHORID) VALUES ('P0016', 'A0056');
INSERT INTO F23_S003_T5_PUBLISHED_BY (PUBLISHERID, AUTHORID) VALUES ('P0017', 'A0057');
INSERT INTO F23_S003_T5_PUBLISHED_BY (PUBLISHERID, AUTHORID) VALUES ('P0018', 'A0058');
INSERT INTO F23_S003_T5_PUBLISHED_BY (PUBLISHERID, AUTHORID) VALUES ('P0019', 'A0059');
INSERT INTO F23_S003_T5_PUBLISHED_BY (PUBLISHERID, AUTHORID) VALUES ('P0020', 'A0060');
INSERT INTO F23_S003_T5_PUBLISHED_BY (PUBLISHERID, AUTHORID) VALUES ('P0021', 'A0061');
INSERT INTO F23_S003_T5_PUBLISHED_BY (PUBLISHERID, AUTHORID) VALUES ('P0022', 'A0062');
INSERT INTO F23_S003_T5_PUBLISHED_BY (PUBLISHERID, AUTHORID) VALUES ('P0023', 'A0063');
INSERT INTO F23_S003_T5_PUBLISHED_BY (PUBLISHERID, AUTHORID) VALUES ('P0024', 'A0064');
INSERT INTO F23_S003_T5_PUBLISHED_BY (PUBLISHERID, AUTHORID) VALUES ('P0025', 'A0065');
INSERT INTO F23_S003_T5_PUBLISHED_BY (PUBLISHERID, AUTHORID) VALUES ('P0026', 'A0066');
INSERT INTO F23_S003_T5_PUBLISHED_BY (PUBLISHERID, AUTHORID) VALUES ('P0027', 'A0067');
INSERT INTO F23_S003_T5_PUBLISHED_BY (PUBLISHERID, AUTHORID) VALUES ('P0028', 'A0068');
INSERT INTO F23_S003_T5_PUBLISHED_BY (PUBLISHERID, AUTHORID) VALUES ('P0029', 'A0069');
INSERT INTO F23_S003_T5_PUBLISHED_BY (PUBLISHERID, AUTHORID) VALUES ('P0030', 'A0070');
INSERT INTO F23_S003_T5_PUBLISHED_BY (PUBLISHERID, AUTHORID) VALUES ('P0031', 'A0071');
INSERT INTO F23_S003_T5_PUBLISHED_BY (PUBLISHERID, AUTHORID) VALUES ('P0032', 'A0072');
INSERT INTO F23_S003_T5_PUBLISHED_BY (PUBLISHERID, AUTHORID) VALUES ('P0033', 'A0073');
INSERT INTO F23_S003_T5_PUBLISHED_BY (PUBLISHERID, AUTHORID) VALUES ('P0034', 'A0074');
INSERT INTO F23_S003_T5_PUBLISHED_BY (PUBLISHERID, AUTHORID) VALUES ('P0035', 'A0075');
INSERT INTO F23_S003_T5_PUBLISHED_BY (PUBLISHERID, AUTHORID) VALUES ('P0036', 'A0076');
INSERT INTO F23_S003_T5_PUBLISHED_BY (PUBLISHERID, AUTHORID) VALUES ('P0037', 'A0077');
INSERT INTO F23_S003_T5_PUBLISHED_BY (PUBLISHERID, AUTHORID) VALUES ('P0038', 'A0078');
INSERT INTO F23_S003_T5_PUBLISHED_BY (PUBLISHERID, AUTHORID) VALUES ('P0039', 'A0079');
INSERT INTO F23_S003_T5_PUBLISHED_BY (PUBLISHERID, AUTHORID) VALUES ('P0040', 'A0080');
INSERT INTO F23_S003_T5_PUBLISHED_BY (PUBLISHERID, AUTHORID) VALUES ('P0041', 'A0081');
INSERT INTO F23_S003_T5_PUBLISHED_BY (PUBLISHERID, AUTHORID) VALUES ('P0002', 'A0082');
INSERT INTO F23_S003_T5_PUBLISHED_BY (PUBLISHERID, AUTHORID) VALUES ('P0003', 'A0083');
INSERT INTO F23_S003_T5_PUBLISHED_BY (PUBLISHERID, AUTHORID) VALUES ('P0004', 'A0084');
INSERT INTO F23_S003_T5_PUBLISHED_BY (PUBLISHERID, AUTHORID) VALUES ('P0005', 'A0085');
INSERT INTO F23_S003_T5_PUBLISHED_BY (PUBLISHERID, AUTHORID) VALUES ('P0006', 'A0086');
INSERT INTO F23_S003_T5_PUBLISHED_BY (PUBLISHERID, AUTHORID) VALUES ('P0007', 'A0087');
INSERT INTO F23_S003_T5_PUBLISHED_BY (PUBLISHERID, AUTHORID) VALUES ('P0008', 'A0088');
INSERT INTO F23_S003_T5_PUBLISHED_BY (PUBLISHERID, AUTHORID) VALUES ('P0009', 'A0089');
INSERT INTO F23_S003_T5_PUBLISHED_BY (PUBLISHERID, AUTHORID) VALUES ('P0010', 'A0090');
INSERT INTO F23_S003_T5_PUBLISHED_BY (PUBLISHERID, AUTHORID) VALUES ('P0011', 'A0091');
INSERT INTO F23_S003_T5_PUBLISHED_BY (PUBLISHERID, AUTHORID) VALUES ('P0012', 'A0092');
INSERT INTO F23_S003_T5_PUBLISHED_BY (PUBLISHERID, AUTHORID) VALUES ('P0013', 'A0093');
INSERT INTO F23_S003_T5_PUBLISHED_BY (PUBLISHERID, AUTHORID) VALUES ('P0014', 'A0094');
INSERT INTO F23_S003_T5_PUBLISHED_BY (PUBLISHERID, AUTHORID) VALUES ('P0015', 'A0095');
INSERT INTO F23_S003_T5_PUBLISHED_BY (PUBLISHERID, AUTHORID) VALUES ('P0016', 'A0096');
INSERT INTO F23_S003_T5_PUBLISHED_BY (PUBLISHERID, AUTHORID) VALUES ('P0017', 'A0097');
INSERT INTO F23_S003_T5_PUBLISHED_BY (PUBLISHERID, AUTHORID) VALUES ('P0018', 'A0098');
INSERT INTO F23_S003_T5_PUBLISHED_BY (PUBLISHERID, AUTHORID) VALUES ('P0019', 'A0099');
INSERT INTO F23_S003_T5_PUBLISHED_BY (PUBLISHERID, AUTHORID) VALUES ('P0020', 'A0100');

--member Reads 

INSERT INTO F23_S003_T5_READS (CUSTOMERID, BOOKID) VALUES ('C1051', 'B0051');
INSERT INTO F23_S003_T5_READS (CUSTOMERID, BOOKID) VALUES ('C1052', 'B0052');
INSERT INTO F23_S003_T5_READS (CUSTOMERID, BOOKID) VALUES ('C1053', 'B0053');
INSERT INTO F23_S003_T5_READS (CUSTOMERID, BOOKID) VALUES ('C1054', 'B0054');
INSERT INTO F23_S003_T5_READS (CUSTOMERID, BOOKID) VALUES ('C1055', 'B0055');
INSERT INTO F23_S003_T5_READS (CUSTOMERID, BOOKID) VALUES ('C1056', 'B0056');
INSERT INTO F23_S003_T5_READS (CUSTOMERID, BOOKID) VALUES ('C1057', 'B0057');
INSERT INTO F23_S003_T5_READS (CUSTOMERID, BOOKID) VALUES ('C1058', 'B0058');
INSERT INTO F23_S003_T5_READS (CUSTOMERID, BOOKID) VALUES ('C1059', 'B0059');
INSERT INTO F23_S003_T5_READS (CUSTOMERID, BOOKID) VALUES ('C1060', 'B0060');
INSERT INTO F23_S003_T5_READS (CUSTOMERID, BOOKID) VALUES ('C1061', 'B0061');
INSERT INTO F23_S003_T5_READS (CUSTOMERID, BOOKID) VALUES ('C1062', 'B0062');
INSERT INTO F23_S003_T5_READS (CUSTOMERID, BOOKID) VALUES ('C1063', 'B0063');
INSERT INTO F23_S003_T5_READS (CUSTOMERID, BOOKID) VALUES ('C1064', 'B0064');
INSERT INTO F23_S003_T5_READS (CUSTOMERID, BOOKID) VALUES ('C1065', 'B0065');
INSERT INTO F23_S003_T5_READS (CUSTOMERID, BOOKID) VALUES ('C1066', 'B0066');
INSERT INTO F23_S003_T5_READS (CUSTOMERID, BOOKID) VALUES ('C1067', 'B0067');
INSERT INTO F23_S003_T5_READS (CUSTOMERID, BOOKID) VALUES ('C1068', 'B0068');
INSERT INTO F23_S003_T5_READS (CUSTOMERID, BOOKID) VALUES ('C1069', 'B0069');
INSERT INTO F23_S003_T5_READS (CUSTOMERID, BOOKID) VALUES ('C1070', 'B0070');
INSERT INTO F23_S003_T5_READS (CUSTOMERID, BOOKID) VALUES ('C1071', 'B0071');
INSERT INTO F23_S003_T5_READS (CUSTOMERID, BOOKID) VALUES ('C1072', 'B0072');
INSERT INTO F23_S003_T5_READS (CUSTOMERID, BOOKID) VALUES ('C1073', 'B0073');
INSERT INTO F23_S003_T5_READS (CUSTOMERID, BOOKID) VALUES ('C1074', 'B0074');
INSERT INTO F23_S003_T5_READS (CUSTOMERID, BOOKID) VALUES ('C1075', 'B0075');
INSERT INTO F23_S003_T5_READS (CUSTOMERID, BOOKID) VALUES ('C1076', 'B0076');
INSERT INTO F23_S003_T5_READS (CUSTOMERID, BOOKID) VALUES ('C1077', 'B0077');
INSERT INTO F23_S003_T5_READS (CUSTOMERID, BOOKID) VALUES ('C1078', 'B0078');
INSERT INTO F23_S003_T5_READS (CUSTOMERID, BOOKID) VALUES ('C1079', 'B0079');
INSERT INTO F23_S003_T5_READS (CUSTOMERID, BOOKID) VALUES ('C1080', 'B0080');
INSERT INTO F23_S003_T5_READS (CUSTOMERID, BOOKID) VALUES ('C1081', 'B0081');
INSERT INTO F23_S003_T5_READS (CUSTOMERID, BOOKID) VALUES ('C1082', 'B0082');
INSERT INTO F23_S003_T5_READS (CUSTOMERID, BOOKID) VALUES ('C1083', 'B0083');
INSERT INTO F23_S003_T5_READS (CUSTOMERID, BOOKID) VALUES ('C1084', 'B0084');
INSERT INTO F23_S003_T5_READS (CUSTOMERID, BOOKID) VALUES ('C1085', 'B0085');
INSERT INTO F23_S003_T5_READS (CUSTOMERID, BOOKID) VALUES ('C1086', 'B0086');
INSERT INTO F23_S003_T5_READS (CUSTOMERID, BOOKID) VALUES ('C1087', 'B0087');
INSERT INTO F23_S003_T5_READS (CUSTOMERID, BOOKID) VALUES ('C1088', 'B0088');
INSERT INTO F23_S003_T5_READS (CUSTOMERID, BOOKID) VALUES ('C1089', 'B0089');
INSERT INTO F23_S003_T5_READS (CUSTOMERID, BOOKID) VALUES ('C1090', 'B0090');
INSERT INTO F23_S003_T5_READS (CUSTOMERID, BOOKID) VALUES ('C1091', 'B0091');
INSERT INTO F23_S003_T5_READS (CUSTOMERID, BOOKID) VALUES ('C1092', 'B0092');
INSERT INTO F23_S003_T5_READS (CUSTOMERID, BOOKID) VALUES ('C1093', 'B0093');
INSERT INTO F23_S003_T5_READS (CUSTOMERID, BOOKID) VALUES ('C1094', 'B0094');
INSERT INTO F23_S003_T5_READS (CUSTOMERID, BOOKID) VALUES ('C1095', 'B0095');
INSERT INTO F23_S003_T5_READS (CUSTOMERID, BOOKID) VALUES ('C1096', 'B0096');
INSERT INTO F23_S003_T5_READS (CUSTOMERID, BOOKID) VALUES ('C1097', 'B0097');
INSERT INTO F23_S003_T5_READS (CUSTOMERID, BOOKID) VALUES ('C1098', 'B0098');
INSERT INTO F23_S003_T5_READS (CUSTOMERID, BOOKID) VALUES ('C1099', 'B0099');
INSERT INTO F23_S003_T5_READS (CUSTOMERID, BOOKID) VALUES ('C1100', 'B0100');
INSERT INTO F23_S003_T5_READS (CUSTOMERID, BOOKID) VALUES ('C1101', 'B0001');
INSERT INTO F23_S003_T5_READS (CUSTOMERID, BOOKID) VALUES ('C1102', 'B0002');
INSERT INTO F23_S003_T5_READS (CUSTOMERID, BOOKID) VALUES ('C1103', 'B0003');
INSERT INTO F23_S003_T5_READS (CUSTOMERID, BOOKID) VALUES ('C1104', 'B0004');
INSERT INTO F23_S003_T5_READS (CUSTOMERID, BOOKID) VALUES ('C1105', 'B0005');

--HAS_LIMITED_ACCESS check

INSERT INTO F23_S003_T5_HAS_LIMITED_ACCESS (CUSTOMERID, BOOKID) VALUES ('C1001', 'B0001');
INSERT INTO F23_S003_T5_HAS_LIMITED_ACCESS (CUSTOMERID, BOOKID) VALUES ('C1002', 'B0002');
INSERT INTO F23_S003_T5_HAS_LIMITED_ACCESS (CUSTOMERID, BOOKID) VALUES ('C1003', 'B0003');
INSERT INTO F23_S003_T5_HAS_LIMITED_ACCESS (CUSTOMERID, BOOKID) VALUES ('C1004', 'B0004');
INSERT INTO F23_S003_T5_HAS_LIMITED_ACCESS (CUSTOMERID, BOOKID) VALUES ('C1005', 'B0005');
INSERT INTO F23_S003_T5_HAS_LIMITED_ACCESS (CUSTOMERID, BOOKID) VALUES ('C1006', 'B0006');
INSERT INTO F23_S003_T5_HAS_LIMITED_ACCESS (CUSTOMERID, BOOKID) VALUES ('C1007', 'B0007');
INSERT INTO F23_S003_T5_HAS_LIMITED_ACCESS (CUSTOMERID, BOOKID) VALUES ('C1008', 'B0008');
INSERT INTO F23_S003_T5_HAS_LIMITED_ACCESS (CUSTOMERID, BOOKID) VALUES ('C1009', 'B0009');
INSERT INTO F23_S003_T5_HAS_LIMITED_ACCESS (CUSTOMERID, BOOKID) VALUES ('C1010', 'B0010');
INSERT INTO F23_S003_T5_HAS_LIMITED_ACCESS (CUSTOMERID, BOOKID) VALUES ('C1011', 'B0011');
INSERT INTO F23_S003_T5_HAS_LIMITED_ACCESS (CUSTOMERID, BOOKID) VALUES ('C1012', 'B0012');
INSERT INTO F23_S003_T5_HAS_LIMITED_ACCESS (CUSTOMERID, BOOKID) VALUES ('C1013', 'B0013');
INSERT INTO F23_S003_T5_HAS_LIMITED_ACCESS (CUSTOMERID, BOOKID) VALUES ('C1014', 'B0014');
INSERT INTO F23_S003_T5_HAS_LIMITED_ACCESS (CUSTOMERID, BOOKID) VALUES ('C1015', 'B0015');
INSERT INTO F23_S003_T5_HAS_LIMITED_ACCESS (CUSTOMERID, BOOKID) VALUES ('C1016', 'B0016');
INSERT INTO F23_S003_T5_HAS_LIMITED_ACCESS (CUSTOMERID, BOOKID) VALUES ('C1017', 'B0017');
INSERT INTO F23_S003_T5_HAS_LIMITED_ACCESS (CUSTOMERID, BOOKID) VALUES ('C1018', 'B0018');
INSERT INTO F23_S003_T5_HAS_LIMITED_ACCESS (CUSTOMERID, BOOKID) VALUES ('C1019', 'B0019');
INSERT INTO F23_S003_T5_HAS_LIMITED_ACCESS (CUSTOMERID, BOOKID) VALUES ('C1020', 'B0020');
INSERT INTO F23_S003_T5_HAS_LIMITED_ACCESS (CUSTOMERID, BOOKID) VALUES ('C1021', 'B0021');
INSERT INTO F23_S003_T5_HAS_LIMITED_ACCESS (CUSTOMERID, BOOKID) VALUES ('C1022', 'B0022');
INSERT INTO F23_S003_T5_HAS_LIMITED_ACCESS (CUSTOMERID, BOOKID) VALUES ('C1023', 'B0023');
INSERT INTO F23_S003_T5_HAS_LIMITED_ACCESS (CUSTOMERID, BOOKID) VALUES ('C1024', 'B0024');
INSERT INTO F23_S003_T5_HAS_LIMITED_ACCESS (CUSTOMERID, BOOKID) VALUES ('C1025', 'B0025');
INSERT INTO F23_S003_T5_HAS_LIMITED_ACCESS (CUSTOMERID, BOOKID) VALUES ('C1026', 'B0026');
INSERT INTO F23_S003_T5_HAS_LIMITED_ACCESS (CUSTOMERID, BOOKID) VALUES ('C1027', 'B0027');
INSERT INTO F23_S003_T5_HAS_LIMITED_ACCESS (CUSTOMERID, BOOKID) VALUES ('C1028', 'B0028');
INSERT INTO F23_S003_T5_HAS_LIMITED_ACCESS (CUSTOMERID, BOOKID) VALUES ('C1029', 'B0029');
INSERT INTO F23_S003_T5_HAS_LIMITED_ACCESS (CUSTOMERID, BOOKID) VALUES ('C1030', 'B0030');
INSERT INTO F23_S003_T5_HAS_LIMITED_ACCESS (CUSTOMERID, BOOKID) VALUES ('C1031', 'B0031');
INSERT INTO F23_S003_T5_HAS_LIMITED_ACCESS (CUSTOMERID, BOOKID) VALUES ('C1032', 'B0032');
INSERT INTO F23_S003_T5_HAS_LIMITED_ACCESS (CUSTOMERID, BOOKID) VALUES ('C1033', 'B0033');
INSERT INTO F23_S003_T5_HAS_LIMITED_ACCESS (CUSTOMERID, BOOKID) VALUES ('C1034', 'B0034');
INSERT INTO F23_S003_T5_HAS_LIMITED_ACCESS (CUSTOMERID, BOOKID) VALUES ('C1035', 'B0035');
INSERT INTO F23_S003_T5_HAS_LIMITED_ACCESS (CUSTOMERID, BOOKID) VALUES ('C1036', 'B0036');
INSERT INTO F23_S003_T5_HAS_LIMITED_ACCESS (CUSTOMERID, BOOKID) VALUES ('C1037', 'B0037');
INSERT INTO F23_S003_T5_HAS_LIMITED_ACCESS (CUSTOMERID, BOOKID) VALUES ('C1038', 'B0038');
INSERT INTO F23_S003_T5_HAS_LIMITED_ACCESS (CUSTOMERID, BOOKID) VALUES ('C1039', 'B0039');
INSERT INTO F23_S003_T5_HAS_LIMITED_ACCESS (CUSTOMERID, BOOKID) VALUES ('C1040', 'B0040');
INSERT INTO F23_S003_T5_HAS_LIMITED_ACCESS (CUSTOMERID, BOOKID) VALUES ('C1041', 'B0041');
INSERT INTO F23_S003_T5_HAS_LIMITED_ACCESS (CUSTOMERID, BOOKID) VALUES ('C1042', 'B0042');
INSERT INTO F23_S003_T5_HAS_LIMITED_ACCESS (CUSTOMERID, BOOKID) VALUES ('C1043', 'B0043');
INSERT INTO F23_S003_T5_HAS_LIMITED_ACCESS (CUSTOMERID, BOOKID) VALUES ('C1044', 'B0044');
INSERT INTO F23_S003_T5_HAS_LIMITED_ACCESS (CUSTOMERID, BOOKID) VALUES ('C1045', 'B0045');
INSERT INTO F23_S003_T5_HAS_LIMITED_ACCESS (CUSTOMERID, BOOKID) VALUES ('C1046', 'B0046');
INSERT INTO F23_S003_T5_HAS_LIMITED_ACCESS (CUSTOMERID, BOOKID) VALUES ('C1047', 'B0047');
INSERT INTO F23_S003_T5_HAS_LIMITED_ACCESS (CUSTOMERID, BOOKID) VALUES ('C1048', 'B0048');
INSERT INTO F23_S003_T5_HAS_LIMITED_ACCESS (CUSTOMERID, BOOKID) VALUES ('C1049', 'B0049');
INSERT INTO F23_S003_T5_HAS_LIMITED_ACCESS (CUSTOMERID, BOOKID) VALUES ('C1050', 'B0050');